Category,Product Name,Product ID,Product URL,Original Price,Price x 1.45,Price x 1.45 + 10%,Image URL
bathroom > mats,MARBLE BATHROOM COMBO,515013793,https://jhbbedding.company.site/MARBLE-BATHROOM-COMBO-p515013793,250,362,398,https://d2j6dbq0eux0bg.cloudfront.net/images/46321008/3362067038.jpg
bathroom > mats,MARBLE BATHROOM SET,464860269,https://jhbbedding.company.site/MARBLE-BATHROOM-SET-p464860269,120,174,191,https://d2j6dbq0eux0bg.cloudfront.net/images/46321008/3136862475.jpg
bathroom > mats,COW BATHROOM SET,524915741,https://jhbbedding.company.site/COW-BATHROOM-SET-p524915741,100,145,160,https://d2j6dbq0eux0bg.cloudfront.net/images/46321008/3427623765.jpg
bathroom > mats,FLUFFY BATHROOM SET,507665400,https://jhbbedding.company.site/FLUFFY-BATHROOM-SET-p507665400,120,174,191,https://d2j6dbq0eux0bg.cloudfront.net/images/46321008/3310774538.jpg
bathroom > mats,GLOW IN THE DARK BATHROOM SET,510464499,https://jhbbedding.company.site/GLOW-IN-THE-DARK-BATHROOM-SET-p510464499,100,145,160,https://d2j6dbq0eux0bg.cloudfront.net/images/46321008/3329400457.jpg
bathroom > mats,3D BATHROOM MATS,573536551,https://jhbbedding.company.site/3D-BATHROOM-MATS-p573536551,50,72,79,https://d2j6dbq0eux0bg.cloudfront.net/images/46321008/3747198366.jpg
bathroom > mats,MARBLE BATHROOM SET 4P,590651319,https://jhbbedding.company.site/MARBLE-BATHROOM-SET-4P-p590651319,190,276,304,https://d2j6dbq0eux0bg.cloudfront.net/images/46321008/3885181618.png
bathroom > mats,ORANGE FLUFFY BATHROOM SET,621171185,https://jhbbedding.company.site/ORANGE-FLUFFY-BATHROOM-SET-p621171185,80,116,128,https://d2j6dbq0eux0bg.cloudfront.net/images/46321008/4071724072.jpg
bathroom > mats,RED FLUFFY BATHROOM SET,621173906,https://jhbbedding.company.site/RED-FLUFFY-BATHROOM-SET-p621173906,80,116,128,https://d2j6dbq0eux0bg.cloudfront.net/images/46321008/4071723570.jpg
bathroom > mats,MAROON FLUFFY BATHROOM SET,621173913,https://jhbbedding.company.site/MAROON-FLUFFY-BATHROOM-SET-p621173913,80,116,128,https://d2j6dbq0eux0bg.cloudfront.net/images/46321008/4071722467.jpg
bathroom > mats,PINK FLUFFY BATHROOM SET,621176344,https://jhbbedding.company.site/PINK-FLUFFY-BATHROOM-SET-p621176344,80,116,128,https://d2j6dbq0eux0bg.cloudfront.net/images/46321008/4071749294.jpg
bathroom > mats,CORDUROY BATHROOM SET,644650546,https://jhbbedding.company.site/CORDUROY-BATHROOM-SET-p644650546,150,218,240,https://d2j6dbq0eux0bg.cloudfront.net/images/46321008/4224760934.png
bathroom > mats,HONEYCOMB BATH MAT,644647818,https://jhbbedding.company.site/HONEYCOMB-BATH-MAT-p644647818,150,218,240,https://d2j6dbq0eux0bg.cloudfront.net/images/46321008/4224776807.png
bathroom > mats,VELVET TASSLE BATH MAT,644654013,https://jhbbedding.company.site/VELVET-TASSLE-BATH-MAT-p644654013,70,102,112,https://d2j6dbq0eux0bg.cloudfront.net/images/46321008/4224776842.png
homeware > storage,4 TIER BATHROOM RACK,560857385,https://jhbbedding.company.site/4-TIER-BATHROOM-RACK-p560857385,190,276,304,https://d2j6dbq0eux0bg.cloudfront.net/images/46321008/3647473749.jpg
homeware > storage,MARBLE CERAMIC SET,491822061,https://jhbbedding.company.site/MARBLE-CERAMIC-SET-p491822061,250,362,398,https://d2j6dbq0eux0bg.cloudfront.net/images/46321008/4649283047.jpg
homeware > storage,ROTATING 3TIER STORAGE RACK,598364319,https://jhbbedding.company.site/ROTATING-3TIER-STORAGE-RACK-p598364319,380,551,606,https://d2j6dbq0eux0bg.cloudfront.net/images/46321008/3938345490.jpg
homeware > storage,MULTIFUNCTIONAL STORAGE RACK,632732370,https://jhbbedding.company.site/MULTIFUNCTIONAL-STORAGE-RACK-p632732370,130,188,207,https://d2j6dbq0eux0bg.cloudfront.net/images/46321008/4147301675.jpg
homeware > storage,3 TIER STORAGE TROLLEY,660824855,https://jhbbedding.company.site/3-TIER-STORAGE-TROLLEY-p660824855,260,377,415,https://d2j6dbq0eux0bg.cloudfront.net/images/46321008/4342928395.jpg
homeware > storage,TOILET STAND,660824872,https://jhbbedding.company.site/TOILET-STAND-p660824872,180,261,287,https://d2j6dbq0eux0bg.cloudfront.net/images/46321008/4342955635.jpg
homeware > storage,CORNER STORAGE STAND,691038607,https://jhbbedding.company.site/CORNER-STORAGE-STAND-p691038607,200,290,319,https://d2j6dbq0eux0bg.cloudfront.net/images/46321008/4506808924.jpg
homeware > storage,COSMETIC STORAGE DOUBLE DOOR,694577363,https://jhbbedding.company.site/COSMETIC-STORAGE-DOUBLE-DOOR-p694577363,150,218,240,https://d2j6dbq0eux0bg.cloudfront.net/images/46321008/4532728847.jpg
homeware > storage,COSMETIC STORAGE PAW PRINT,694581095,https://jhbbedding.company.site/COSMETIC-STORAGE-PAW-PRINT-p694581095,100,145,160,https://d2j6dbq0eux0bg.cloudfront.net/images/46321008/4532738581.jpg
homeware > storage,COSMETIC STORAGE WITH MIRROR,694581102,https://jhbbedding.company.site/COSMETIC-STORAGE-WITH-MIRROR-p694581102,110,160,176,https://d2j6dbq0eux0bg.cloudfront.net/images/46321008/4532733110.jpg
homeware > storage,TEDDY SHELF,694575182,https://jhbbedding.company.site/TEDDY-SHELF-p694575182,120,174,191,https://d2j6dbq0eux0bg.cloudfront.net/images/46321008/4532728906.jpg
homeware > storage,PLASTIC STORAGE RACK,660824422,https://jhbbedding.company.site/PLASTIC-STORAGE-RACK-p660824422,80,116,128,https://d2j6dbq0eux0bg.cloudfront.net/images/46321008/4342994069.jpg
homeware > storage,MODERN ACRYLIC STORAGE UNIT,710325318,https://jhbbedding.company.site/MODERN-ACRYLIC-STORAGE-UNIT-p710325318,670,972,1069,https://d2j6dbq0eux0bg.cloudfront.net/images/46321008/4649281796.jpg
homeware > storage,MODERN FOLDABLE SHOE RACK,710306891,https://jhbbedding.company.site/MODERN-FOLDABLE-SHOE-RACK-p710306891,420,609,670,https://d2j6dbq0eux0bg.cloudfront.net/images/46321008/4649281781.jpg
homeware > storage,MAKE UP STORAGE,710303162,https://jhbbedding.company.site/MAKE-UP-STORAGE-p710303162,200,290,319,https://d2j6dbq0eux0bg.cloudfront.net/images/46321008/4649281821.jpg
bedroom > sheets,FRILLED LACE QUILTED SHEET SET,632702401,https://jhbbedding.company.site/FRILLED-LACE-QUILTED-SHEET-SET-p632702401,280,406,447,https://d2j6dbq0eux0bg.cloudfront.net/images/46321008/4147233147.jpg
bedroom > sheets,CORDUROY SHEET SET,538627476,https://jhbbedding.company.site/CORDUROY-SHEET-SET-p538627476,220,319,351,https://d2j6dbq0eux0bg.cloudfront.net/images/46321008/3509282540.jpg
bedroom > sheets,COTTON SHEET SET- BEIGE,584138009,https://jhbbedding.company.site/COTTON-SHEET-SET-BEIGE-p584138009,260,377,415,https://d2j6dbq0eux0bg.cloudfront.net/images/46321008/3847909247.jpg
bedroom > sheets,COTTON SHEET SET- BLACK,584131191,https://jhbbedding.company.site/COTTON-SHEET-SET-BLACK-p584131191,260,377,415,https://d2j6dbq0eux0bg.cloudfront.net/images/46321008/3848049762.jpg
bedroom > sheets,COTTON SHEET SET- NAVY,583836305,https://jhbbedding.company.site/COTTON-SHEET-SET-NAVY-p583836305,250,362,398,https://d2j6dbq0eux0bg.cloudfront.net/images/46321008/4605262230.jpg
bedroom > sheets,DAMSAAR ABSTRACT SHEET SET,585096086,https://jhbbedding.company.site/DAMSAAR-ABSTRACT-SHEET-SET-p585096086,250,362,398,https://d2j6dbq0eux0bg.cloudfront.net/images/46321008/3853788329.jpg
bedroom > sheets,DAMSAAR FEATHER SHEET SET,585089150,https://jhbbedding.company.site/DAMSAAR-FEATHER-SHEET-SET-p585089150,250,362,398,https://d2j6dbq0eux0bg.cloudfront.net/images/46321008/3853811044.jpg
bedroom > sheets,DAMSAAR FLORAL SHEET SET,585097374,https://jhbbedding.company.site/DAMSAAR-FLORAL-SHEET-SET-p585097374,250,362,398,https://d2j6dbq0eux0bg.cloudfront.net/images/46321008/3853796394.jpg
bedroom > sheets,FRILLED SHEET SETS,303540546,https://jhbbedding.company.site/FRILLED-SHEET-SETS-p303540546,120,174,191,https://d2j6dbq0eux0bg.cloudfront.net/images/46321008/2050100690.jpg
bedroom > sheets,GEOMETRIC FLEECE SHEET SET,629460701,https://jhbbedding.company.site/GEOMETRIC-FLEECE-SHEET-SET-p629460701,220,319,351,https://d2j6dbq0eux0bg.cloudfront.net/images/46321008/4124965433.jpg
bedroom > sheets,PARIS PINK COTTON SHEET SET,629500052,https://jhbbedding.company.site/PARIS-PINK-COTTON-SHEET-SET-p629500052,250,362,398,https://d2j6dbq0eux0bg.cloudfront.net/images/46321008/4124965428.jpg
bedroom > sheets,PRINTED SHEET SET QP1,583834831,https://jhbbedding.company.site/PRINTED-SHEET-SET-QP1-p583834831,180,261,287,https://d2j6dbq0eux0bg.cloudfront.net/images/46321008/3842251729.jpg
bedroom > sheets,PRINTED SHEET SET QP2,585094612,https://jhbbedding.company.site/PRINTED-SHEET-SET-QP2-p585094612,180,261,287,https://d2j6dbq0eux0bg.cloudfront.net/images/46321008/3853809215.jpg
bedroom > sheets,PRINTED SHEET SET QP3,585090646,https://jhbbedding.company.site/PRINTED-SHEET-SET-QP3-p585090646,180,261,287,https://d2j6dbq0eux0bg.cloudfront.net/images/46321008/3853814159.jpg
bedroom > sheets,PRINTED SHEET SET QP4,583833324,https://jhbbedding.company.site/PRINTED-SHEET-SET-QP4-p583833324,180,261,287,https://d2j6dbq0eux0bg.cloudfront.net/images/46321008/3842369409.jpg
bedroom > sheets,STRIPED COMBO SHEET SET,511681658,https://jhbbedding.company.site/STRIPED-COMBO-SHEET-SET-p511681658,120,174,191,https://d2j6dbq0eux0bg.cloudfront.net/images/46321008/3336983901.jpg
bedroom > sheets,STRIPED SHEET SET 4PIECE,583836580,https://jhbbedding.company.site/STRIPED-SHEET-SET-4PIECE-p583836580,120,174,191,https://d2j6dbq0eux0bg.cloudfront.net/images/46321008/3842369479.jpg
bedroom > sheets,VELVET SHEET SET,621743605,https://jhbbedding.company.site/VELVET-SHEET-SET-p621743605,180,261,287,https://d2j6dbq0eux0bg.cloudfront.net/images/46321008/4076131138.jpg
bedroom > sheets,WINTER SHEET SET F/FLEECE,541945255,https://jhbbedding.company.site/WINTER-SHEET-SET-F-FLEECE-p541945255,400,580,638,https://d2j6dbq0eux0bg.cloudfront.net/images/46321008/3569626257.png
bedroom > sheets,HONEYCOMB SHEET SET,683396606,https://jhbbedding.company.site/HONEYCOMB-SHEET-SET-p683396606,290,420,462,https://d2j6dbq0eux0bg.cloudfront.net/images/46321008/4450037544.jpg
bedroom > sheets,MOKKA SHEET SET,693056251,https://jhbbedding.company.site/MOKKA-SHEET-SET-p693056251,230,334,367,https://d2j6dbq0eux0bg.cloudfront.net/images/46321008/4521599289.jpg
bedroom > sheets,COTTON SHEET SET- GREY,693065010,https://jhbbedding.company.site/COTTON-SHEET-SET-GREY-p693065010,260,377,415,https://d2j6dbq0eux0bg.cloudfront.net/images/46321008/4521618278.jpg
bedroom > sheets,COTTON SHEET SET- WHITE,693065251,https://jhbbedding.company.site/COTTON-SHEET-SET-WHITE-p693065251,280,406,447,https://d2j6dbq0eux0bg.cloudfront.net/images/46321008/4521615352.jpg
bedroom > sheets,EMBROIDED SHEET SET,693076501,https://jhbbedding.company.site/EMBROIDED-SHEET-SET-p693076501,300,435,479,https://d2j6dbq0eux0bg.cloudfront.net/images/46321008/4521614622.jpg
bedroom > sheets,BLOCK WP SHEET SET,693076514,https://jhbbedding.company.site/BLOCK-WP-SHEET-SET-p693076514,280,406,447,https://d2j6dbq0eux0bg.cloudfront.net/images/46321008/4521633098.jpg
bedroom > sheets,COTTON SHEET SET- PURPLE,704632206,https://jhbbedding.company.site/COTTON-SHEET-SET-PURPLE-p704632206,260,377,415,https://d2j6dbq0eux0bg.cloudfront.net/images/46321008/4605257477.jpg
bedroom > sheets,COTTON SHEET SET- SKY BLUE,704640029,https://jhbbedding.company.site/COTTON-SHEET-SET-SKY-BLUE-p704640029,260,377,415,https://d2j6dbq0eux0bg.cloudfront.net/images/46321008/4605279913.jpg
bedroom > sheets,COTTON SHEET SET- BROWN,704637061,https://jhbbedding.company.site/COTTON-SHEET-SET-BROWN-p704637061,260,377,415,https://d2j6dbq0eux0bg.cloudfront.net/images/46321008/4605279918.jpg
bedroom > sheets,SUMMER SHEET SETS- SINGLE,705220763,https://jhbbedding.company.site/SUMMER-SHEET-SETS-SINGLE-p705220763,100,145,160,https://d2j6dbq0eux0bg.cloudfront.net/images/46321008/4609065764.png
other > kids,CASSIA PINK DUVET COVER- LINEN HOUSE,505216905,https://jhbbedding.company.site/CASSIA-PINK-DUVET-COVER-LINEN-HOUSE-p505216905,460,667,734,https://d2j6dbq0eux0bg.cloudfront.net/images/46321008/3294680476.jpg
other > kids,CHARACTER DUVET COVER SET- SINGLE,316689059,https://jhbbedding.company.site/CHARACTER-DUVET-COVER-SET-SINGLE-p316689059,250,362,398,https://d2j6dbq0eux0bg.cloudfront.net/images/46321008/3199641174.jpg
other > kids,DINO LAND DUVET COVER - LINEN HOUSE,369320234,https://jhbbedding.company.site/DINO-LAND-DUVET-COVER-LINEN-HOUSE-p369320234,470,682,750,https://d2j6dbq0eux0bg.cloudfront.net/images/46321008/2364701031.jpg
other > kids,MERMAID TALE DUVET COVER - LINEN HOUSE,369413751,https://jhbbedding.company.site/MERMAID-TALE-DUVET-COVER-LINEN-HOUSE-p369413751,470,682,750,https://d2j6dbq0eux0bg.cloudfront.net/images/46321008/2364619992.jpg
other > kids,MICKEY MINNIE PARIS BEDDING SET,488444575,https://jhbbedding.company.site/MICKEY-MINNIE-PARIS-BEDDING-SET-p488444575,250,362,398,https://d2j6dbq0eux0bg.cloudfront.net/images/46321008/3199722051.jpg
other > kids,TROPICA DUVET COVER- LINEN HOUSE,369320235,https://jhbbedding.company.site/TROPICA-DUVET-COVER-LINEN-HOUSE-p369320235,470,682,750,https://d2j6dbq0eux0bg.cloudfront.net/images/46321008/2364619952.jpg
other > kids,WORK ZONE DUVET COVER - LINEN HOUSE,369320996,https://jhbbedding.company.site/WORK-ZONE-DUVET-COVER-LINEN-HOUSE-p369320996,470,682,750,https://d2j6dbq0eux0bg.cloudfront.net/images/46321008/2364696694.jpg
other > kids,SNOW BEAR VELVET BEDDING SET,555249531,https://jhbbedding.company.site/SNOW-BEAR-VELVET-BEDDING-SET-p555249531,300,435,479,https://d2j6dbq0eux0bg.cloudfront.net/images/46321008/3606524853.jpg
other > kids,MEMORY FOAM KIDS NECK PILLOW,558005875,https://jhbbedding.company.site/MEMORY-FOAM-KIDS-NECK-PILLOW-p558005875,130,188,207,https://d2j6dbq0eux0bg.cloudfront.net/images/46321008/3627575855.jpg
other > kids,CHARACTER DUVET COVER SET- 3/4,589672400,https://jhbbedding.company.site/CHARACTER-DUVET-COVER-SET-3-4-p589672400,280,406,447,https://d2j6dbq0eux0bg.cloudfront.net/images/46321008/3879253715.jpg
other > kids,CHARACTER DUVET COVER SET- DOUBLE,589678572,https://jhbbedding.company.site/CHARACTER-DUVET-COVER-SET-DOUBLE-p589678572,350,508,559,https://d2j6dbq0eux0bg.cloudfront.net/images/46321008/3879319259.jpg
other > kids,CHARACTER CURTAINS,350162792,https://jhbbedding.company.site/CHARACTER-CURTAINS-p350162792,250,362,398,https://d2j6dbq0eux0bg.cloudfront.net/images/46321008/3199687373.jpg
other > super,AD DECOR BEDROOM COMBO,542566454,https://jhbbedding.company.site/AD-DECOR-BEDROOM-COMBO-p542566454,750,1088,1197,https://d2j6dbq0eux0bg.cloudfront.net/images/46321008/3531810297.png
other > super,AD DECOR QUILT SET 01,503109531,https://jhbbedding.company.site/AD-DECOR-QUILT-SET-01-p503109531,450,652,717,https://d2j6dbq0eux0bg.cloudfront.net/images/46321008/3485843083.jpg
other > super,AD REVERSIBLE QUILTED BEDDING SET,486371938,https://jhbbedding.company.site/AD-REVERSIBLE-QUILTED-BEDDING-SET-p486371938,850,1232,1355,https://d2j6dbq0eux0bg.cloudfront.net/images/46321008/3190857489.jpg
other > super,DOLPHIN FLEECE QUILTED BEDDING SET,542727764,https://jhbbedding.company.site/DOLPHIN-FLEECE-QUILTED-BEDDING-SET-p542727764,450,652,717,https://d2j6dbq0eux0bg.cloudfront.net/images/46321008/3533129981.jpg
other > super,DUTCH VELVET QUILT SET,485435375,https://jhbbedding.company.site/DUTCH-VELVET-QUILT-SET-p485435375,900,1305,1436,https://d2j6dbq0eux0bg.cloudfront.net/images/46321008/3182480221.jpg
other > super,PLUSH MARBLE VELVET QUILT SET,478691629,https://jhbbedding.company.site/PLUSH-MARBLE-VELVET-QUILT-SET-p478691629,990,1436,1580,https://d2j6dbq0eux0bg.cloudfront.net/images/46321008/3147563855.jpg
other > super,PLUSH PRINTED VELVET QUILT SET,479465581,https://jhbbedding.company.site/PLUSH-PRINTED-VELVET-QUILT-SET-p479465581,990,1436,1580,https://d2j6dbq0eux0bg.cloudfront.net/images/46321008/3151688898.jpg
other > super,PRINCESS FRILL QUILT SK,529124366,https://jhbbedding.company.site/PRINCESS-FRILL-QUILT-SK-p529124366,480,696,766,https://d2j6dbq0eux0bg.cloudfront.net/images/46321008/3450445623.jpg
other > super,SATIN QUILT SET SK,334691004,https://jhbbedding.company.site/SATIN-QUILT-SET-SK-p334691004,850,1232,1355,https://d2j6dbq0eux0bg.cloudfront.net/images/46321008/2310258764.jpg
other > super,VELVET TUFFED QUILT SK,358178751,https://jhbbedding.company.site/VELVET-TUFFED-QUILT-SK-p358178751,800,1160,1276,https://d2j6dbq0eux0bg.cloudfront.net/images/46321008/3455783690.jpg
other > super,POM POM COMFORTER SET,590643303,https://jhbbedding.company.site/POM-POM-COMFORTER-SET-p590643303,850,1232,1355,https://d2j6dbq0eux0bg.cloudfront.net/images/46321008/3885148632.jpg
other > super,AD DECOR QUILT SET 06,592471211,https://jhbbedding.company.site/AD-DECOR-QUILT-SET-06-p592471211,450,652,717,https://d2j6dbq0eux0bg.cloudfront.net/images/46321008/3897396179.jpg
other > super,AD DECOR QUILT SET 04,592472082,https://jhbbedding.company.site/AD-DECOR-QUILT-SET-04-p592472082,450,652,717,https://d2j6dbq0eux0bg.cloudfront.net/images/46321008/3897395945.jpg
other > super,AD DECOR QUILT SET 03,592482503,https://jhbbedding.company.site/AD-DECOR-QUILT-SET-03-p592482503,450,652,717,https://d2j6dbq0eux0bg.cloudfront.net/images/46321008/3897405345.jpg
other > super,AD DECOR QUILT SET 08,592471670,https://jhbbedding.company.site/AD-DECOR-QUILT-SET-08-p592471670,450,652,717,https://d2j6dbq0eux0bg.cloudfront.net/images/46321008/3897396189.jpg
other > super,AD DECOR QUILT SET 05,592479809,https://jhbbedding.company.site/AD-DECOR-QUILT-SET-05-p592479809,450,652,717,https://d2j6dbq0eux0bg.cloudfront.net/images/46321008/3897396194.jpg
other > super,GOLD FOIL QUILT SET,625195520,https://jhbbedding.company.site/GOLD-FOIL-QUILT-SET-p625195520,850,1232,1355,https://d2j6dbq0eux0bg.cloudfront.net/images/46321008/4099764209.jpg
other > super,ZM QUILT SET- SUPERKING,639284547,https://jhbbedding.company.site/ZM-QUILT-SET-SUPERKING-p639284547,450,652,717,https://d2j6dbq0eux0bg.cloudfront.net/images/46321008/4193888689.jpg
other > super,EMMA COMFORTER SET- SK,644645853,https://jhbbedding.company.site/EMMA-COMFORTER-SET-SK-p644645853,300,435,479,https://d2j6dbq0eux0bg.cloudfront.net/images/46321008/4224788910.jpg
other > super,MOKKA QUILT SET SK,644658011,https://jhbbedding.company.site/MOKKA-QUILT-SET-SK-p644658011,320,464,510,https://d2j6dbq0eux0bg.cloudfront.net/images/46321008/4224812054.jpg
other > super,ERIN QUILT SET GREY,660824330,https://jhbbedding.company.site/ERIN-QUILT-SET-GREY-p660824330,850,1232,1355,https://d2j6dbq0eux0bg.cloudfront.net/images/46321008/4342885960.png
other > super,ERIN QUILT SET WHITE,660824331,https://jhbbedding.company.site/ERIN-QUILT-SET-WHITE-p660824331,850,1232,1355,https://d2j6dbq0eux0bg.cloudfront.net/images/46321008/4342890645.jpg
bedroom > quilts,PISTOL QUILT SET,639284566,https://jhbbedding.company.site/PISTOL-QUILT-SET-p639284566,220,319,351,https://d2j6dbq0eux0bg.cloudfront.net/images/46321008/4193913655.jpg
bedroom > quilts,AD DECOR QUILT SET 01,503109531,https://jhbbedding.company.site/AD-DECOR-QUILT-SET-01-p503109531,450,652,717,https://d2j6dbq0eux0bg.cloudfront.net/images/46321008/3485843083.jpg
bedroom > quilts,AD DECOR QUILT SET 03,592482503,https://jhbbedding.company.site/AD-DECOR-QUILT-SET-03-p592482503,450,652,717,https://d2j6dbq0eux0bg.cloudfront.net/images/46321008/3897405345.jpg
bedroom > quilts,AD DECOR QUILT SET 04,592472082,https://jhbbedding.company.site/AD-DECOR-QUILT-SET-04-p592472082,450,652,717,https://d2j6dbq0eux0bg.cloudfront.net/images/46321008/3897395945.jpg
bedroom > quilts,AD DECOR QUILT SET 05,592479809,https://jhbbedding.company.site/AD-DECOR-QUILT-SET-05-p592479809,450,652,717,https://d2j6dbq0eux0bg.cloudfront.net/images/46321008/3897396194.jpg
bedroom > quilts,AD DECOR QUILT SET 06,592471211,https://jhbbedding.company.site/AD-DECOR-QUILT-SET-06-p592471211,450,652,717,https://d2j6dbq0eux0bg.cloudfront.net/images/46321008/3897396179.jpg
bedroom > quilts,AD DECOR QUILT SET 08,592471670,https://jhbbedding.company.site/AD-DECOR-QUILT-SET-08-p592471670,450,652,717,https://d2j6dbq0eux0bg.cloudfront.net/images/46321008/3897396189.jpg
bedroom > quilts,BUTTERFLY 3D QUILT SET,592546068,https://jhbbedding.company.site/BUTTERFLY-3D-QUILT-SET-p592546068,220,319,351,https://d2j6dbq0eux0bg.cloudfront.net/images/46321008/3898005501.jpg
bedroom > quilts,COIL QUILT SET,506540706,https://jhbbedding.company.site/COIL-QUILT-SET-p506540706,300,435,479,https://d2j6dbq0eux0bg.cloudfront.net/images/46321008/4341013359.jpg
bedroom > quilts,COIL REVERSIBLE QUILT SET,542727281,https://jhbbedding.company.site/COIL-REVERSIBLE-QUILT-SET-p542727281,350,508,559,https://d2j6dbq0eux0bg.cloudfront.net/images/46321008/3533143963.jpg
bedroom > quilts,DAMSAAR PRINTED QUILT SET,573563857,https://jhbbedding.company.site/DAMSAAR-PRINTED-QUILT-SET-p573563857,650,942,1036,https://d2j6dbq0eux0bg.cloudfront.net/images/46321008/3747687569.jpg
bedroom > quilts,DOLPHIN 7P QUILT SET- BUTTERFLY BLUE,592471673,https://jhbbedding.company.site/DOLPHIN-7P-QUILT-SET-BUTTERFLY-BLUE-p592471673,330,478,526,https://d2j6dbq0eux0bg.cloudfront.net/images/46321008/3897405677.jpg
bedroom > quilts,DOLPHIN 7P QUILT SET- LEMON,592479824,https://jhbbedding.company.site/DOLPHIN-7P-QUILT-SET-LEMON-p592479824,300,435,479,https://d2j6dbq0eux0bg.cloudfront.net/images/46321008/3897434918.jpg
bedroom > quilts,DOLPHIN 7P QUILT SET- ROSE,592472114,https://jhbbedding.company.site/DOLPHIN-7P-QUILT-SET-ROSE-p592472114,300,435,479,https://d2j6dbq0eux0bg.cloudfront.net/images/46321008/3897440832.jpg
bedroom > quilts,DREAM QUILT SET-322,629500019,https://jhbbedding.company.site/DREAM-QUILT-SET-322-p629500019,200,290,319,https://d2j6dbq0eux0bg.cloudfront.net/images/46321008/4124953098.jpg
bedroom > quilts,DREAM QUILT SET-323,629484348,https://jhbbedding.company.site/DREAM-QUILT-SET-323-p629484348,200,290,319,https://d2j6dbq0eux0bg.cloudfront.net/images/46321008/4124945920.jpg
bedroom > quilts,DREAM QUILT SET-324,629484349,https://jhbbedding.company.site/DREAM-QUILT-SET-324-p629484349,200,290,319,https://d2j6dbq0eux0bg.cloudfront.net/images/46321008/4124983290.jpg
bedroom > quilts,DREAM QUILT SET-325,629500021,https://jhbbedding.company.site/DREAM-QUILT-SET-325-p629500021,200,290,319,https://d2j6dbq0eux0bg.cloudfront.net/images/46321008/4124945960.jpg
bedroom > quilts,DREAM QUILT SET-326,629484350,https://jhbbedding.company.site/DREAM-QUILT-SET-326-p629484350,200,290,319,https://d2j6dbq0eux0bg.cloudfront.net/images/46321008/4124983305.jpg
bedroom > quilts,DREAM QUILT SET-329,629453495,https://jhbbedding.company.site/DREAM-QUILT-SET-329-p629453495,200,290,319,https://d2j6dbq0eux0bg.cloudfront.net/images/46321008/4124952920.jpg
bedroom > quilts,DREAM QUILT SET-330,629500024,https://jhbbedding.company.site/DREAM-QUILT-SET-330-p629500024,200,290,319,https://d2j6dbq0eux0bg.cloudfront.net/images/46321008/4124965313.jpg
bedroom > quilts,DREAM QUILT SET-331,629495544,https://jhbbedding.company.site/DREAM-QUILT-SET-331-p629495544,200,290,319,https://d2j6dbq0eux0bg.cloudfront.net/images/46321008/4124952930.jpg
bedroom > quilts,DREAM QUILT SET-332,629501528,https://jhbbedding.company.site/DREAM-QUILT-SET-332-p629501528,200,290,319,https://d2j6dbq0eux0bg.cloudfront.net/images/46321008/4124983320.jpg
bedroom > quilts,DREAM QUILT SET-334,629500025,https://jhbbedding.company.site/DREAM-QUILT-SET-334-p629500025,200,290,319,https://d2j6dbq0eux0bg.cloudfront.net/images/46321008/4124983325.jpg
bedroom > quilts,DREAM QUILT SET-335,629495547,https://jhbbedding.company.site/DREAM-QUILT-SET-335-p629495547,200,290,319,https://d2j6dbq0eux0bg.cloudfront.net/images/46321008/4124945975.jpg
bedroom > quilts,DREAM QUILT SET-336,629501530,https://jhbbedding.company.site/DREAM-QUILT-SET-336-p629501530,200,290,319,https://d2j6dbq0eux0bg.cloudfront.net/images/46321008/4124953148.jpg
bedroom > quilts,DREAM QUILT SET-337,629495548,https://jhbbedding.company.site/DREAM-QUILT-SET-337-p629495548,200,290,319,https://d2j6dbq0eux0bg.cloudfront.net/images/46321008/4124945980.jpg
bedroom > quilts,DREAM QUILT SET-338,629506002,https://jhbbedding.company.site/DREAM-QUILT-SET-338-p629506002,200,290,319,https://d2j6dbq0eux0bg.cloudfront.net/images/46321008/4124952935.jpg
bedroom > quilts,DREAM QUILT SET-339,629506003,https://jhbbedding.company.site/DREAM-QUILT-SET-339-p629506003,200,290,319,https://d2j6dbq0eux0bg.cloudfront.net/images/46321008/4125020011.jpg
bedroom > quilts,DUTCH VELVET QUILT SET,485435375,https://jhbbedding.company.site/DUTCH-VELVET-QUILT-SET-p485435375,900,1305,1436,https://d2j6dbq0eux0bg.cloudfront.net/images/46321008/3182480221.jpg
bedroom > quilts,GOLD FOIL QUILT SET,625195520,https://jhbbedding.company.site/GOLD-FOIL-QUILT-SET-p625195520,850,1232,1355,https://d2j6dbq0eux0bg.cloudfront.net/images/46321008/4099764209.jpg
bedroom > quilts,LOU QUILT SET,534582077,https://jhbbedding.company.site/LOU-QUILT-SET-p534582077,400,580,638,https://d2j6dbq0eux0bg.cloudfront.net/images/46321008/3488667309.jpg
bedroom > quilts,MARY QUILT SET,360436842,https://jhbbedding.company.site/MARY-QUILT-SET-p360436842,220,319,351,https://d2j6dbq0eux0bg.cloudfront.net/images/46321008/3132367594.jpg
bedroom > quilts,MOKKA QUILT SET SK,644658011,https://jhbbedding.company.site/MOKKA-QUILT-SET-SK-p644658011,320,464,510,https://d2j6dbq0eux0bg.cloudfront.net/images/46321008/4224812054.jpg
bedroom > quilts,PANDA  QUILT SET- BLACK AND WHITE PRINTED,599798253,https://jhbbedding.company.site/PANDA-QUILT-SET-BLACK-AND-WHITE-PRINTED-p599798253,220,319,351,https://d2j6dbq0eux0bg.cloudfront.net/images/46321008/3950479069.jpg
bedroom > quilts,PANDA  QUILT SET- BROWN BUTTERFLY,626370766,https://jhbbedding.company.site/PANDA-QUILT-SET-BROWN-BUTTERFLY-p626370766,220,319,351,https://d2j6dbq0eux0bg.cloudfront.net/images/46321008/4108838904.jpg
bedroom > quilts,PANDA  QUILT SET- DANDELION,609861768,https://jhbbedding.company.site/PANDA-QUILT-SET-DANDELION-p609861768,220,319,351,https://d2j6dbq0eux0bg.cloudfront.net/images/46321008/3998060810.jpg
bedroom > quilts,PANDA  QUILT SET- DANDELION CREAM,626370765,https://jhbbedding.company.site/PANDA-QUILT-SET-DANDELION-CREAM-p626370765,220,319,351,https://d2j6dbq0eux0bg.cloudfront.net/images/46321008/4108825614.jpg
bedroom > quilts,PANDA  QUILT SET- GREEN AUTUMN,599787517,https://jhbbedding.company.site/PANDA-QUILT-SET-GREEN-AUTUMN-p599787517,220,319,351,https://d2j6dbq0eux0bg.cloudfront.net/images/46321008/3950479064.jpg
bedroom > quilts,PANDA  QUILT SET- GREEN DAISY,599788761,https://jhbbedding.company.site/PANDA-QUILT-SET-GREEN-DAISY-p599788761,220,319,351,https://d2j6dbq0eux0bg.cloudfront.net/images/46321008/3950453989.jpg
bedroom > quilts,PANDA  QUILT SET- GREEN FLORAL,585522534,https://jhbbedding.company.site/PANDA-QUILT-SET-GREEN-FLORAL-p585522534,220,319,351,https://d2j6dbq0eux0bg.cloudfront.net/images/46321008/3855213269.jpg
bedroom > quilts,PANDA  QUILT SET- GREEN GOLD,626355764,https://jhbbedding.company.site/PANDA-QUILT-SET-GREEN-GOLD-p626355764,220,319,351,https://d2j6dbq0eux0bg.cloudfront.net/images/46321008/4108834328.jpg
bedroom > quilts,PANDA  QUILT SET- GREY CLASSIC,626364016,https://jhbbedding.company.site/PANDA-QUILT-SET-GREY-CLASSIC-p626364016,220,319,351,https://d2j6dbq0eux0bg.cloudfront.net/images/46321008/4108832844.jpg
bedroom > quilts,PANDA  QUILT SET- MINT FLORAL,626355765,https://jhbbedding.company.site/PANDA-QUILT-SET-MINT-FLORAL-p626355765,220,319,351,https://d2j6dbq0eux0bg.cloudfront.net/images/46321008/4108848124.jpg
bedroom > quilts,PANDA  QUILT SET- PINK BUTTERFLY,626355767,https://jhbbedding.company.site/PANDA-QUILT-SET-PINK-BUTTERFLY-p626355767,220,319,351,https://d2j6dbq0eux0bg.cloudfront.net/images/46321008/4108835679.jpg
bedroom > quilts,PANDA  QUILT SET- PINK PARIS,599789007,https://jhbbedding.company.site/PANDA-QUILT-SET-PINK-PARIS-p599789007,220,319,351,https://d2j6dbq0eux0bg.cloudfront.net/images/46321008/3950465174.jpg
bedroom > quilts,PANDA  QUILT SET- RED PARIS,599778773,https://jhbbedding.company.site/PANDA-QUILT-SET-RED-PARIS-p599778773,220,319,351,https://d2j6dbq0eux0bg.cloudfront.net/images/46321008/3950439244.jpg
bedroom > quilts,PANDA  QUILT SET- WHITE BUTTERFLY,599788758,https://jhbbedding.company.site/PANDA-QUILT-SET-WHITE-BUTTERFLY-p599788758,220,319,351,https://d2j6dbq0eux0bg.cloudfront.net/images/46321008/3950465179.jpg
bedroom > quilts,PANDA 5P QUILT SET- SUNFLOWER W/B,632702381,https://jhbbedding.company.site/PANDA-5P-QUILT-SET-SUNFLOWER-W-B-p632702381,220,319,351,https://d2j6dbq0eux0bg.cloudfront.net/images/46321008/4147183152.jpg
bedroom > quilts,PANDA 5P QUILT SET- SUNFLOWER YELLOW,633170420,https://jhbbedding.company.site/PANDA-5P-QUILT-SET-SUNFLOWER-YELLOW-p633170420,220,319,351,https://d2j6dbq0eux0bg.cloudfront.net/images/46321008/4149532069.jpg
bedroom > quilts,PANDA 7P QUILT SET- 3D EMERALD,631106872,https://jhbbedding.company.site/PANDA-7P-QUILT-SET-3D-EMERALD-p631106872,330,478,526,https://d2j6dbq0eux0bg.cloudfront.net/images/46321008/4135046517.jpg
bedroom > quilts,PANDA 7P QUILT SET- 3D FEATHER,631106843,https://jhbbedding.company.site/PANDA-7P-QUILT-SET-3D-FEATHER-p631106843,330,478,526,https://d2j6dbq0eux0bg.cloudfront.net/images/46321008/4135011967.jpg
bedroom > quilts,PANDA 7P QUILT SET- BLACK GOLD FLORAL,585541504,https://jhbbedding.company.site/PANDA-7P-QUILT-SET-BLACK-GOLD-FLORAL-p585541504,330,478,526,https://d2j6dbq0eux0bg.cloudfront.net/images/46321008/3855258024.jpg
bedroom > quilts,PANDA 7P QUILT SET- BLUE BUTTERFLY,631106879,https://jhbbedding.company.site/PANDA-7P-QUILT-SET-BLUE-BUTTERFLY-p631106879,330,478,526,https://d2j6dbq0eux0bg.cloudfront.net/images/46321008/4135034462.jpg
bedroom > quilts,PANDA 7P QUILT SET- CLASSIC GREY,631129001,https://jhbbedding.company.site/PANDA-7P-QUILT-SET-CLASSIC-GREY-p631129001,330,478,526,https://d2j6dbq0eux0bg.cloudfront.net/images/46321008/4135064719.jpg
other > bedding,MICROFIBRE DUVET INNER,291024225,https://jhbbedding.company.site/MICROFIBRE-DUVET-INNER-p291024225,130,188,207,https://d2j6dbq0eux0bg.cloudfront.net/images/46321008/1967033054.jpg
other > bedding,FEATHER DUVET INNER,303540547,https://jhbbedding.company.site/FEATHER-DUVET-INNER-p303540547,820,1189,1308,https://d2j6dbq0eux0bg.cloudfront.net/images/46321008/2069348586.jpg
other > bedding,BEDROOM ESSENTIAL COMBO,488961245,https://jhbbedding.company.site/BEDROOM-ESSENTIAL-COMBO-p488961245,360,522,574,https://d2j6dbq0eux0bg.cloudfront.net/images/46321008/3202449058.jpg
other > bedding,CONTINENTAL PILLOW CASES,303541533,https://jhbbedding.company.site/CONTINENTAL-PILLOW-CASES-p303541533,90,130,143,https://d2j6dbq0eux0bg.cloudfront.net/images/46321008/2049899176.jpg
other > bedding,EXCEED FEATHER DOWN PILLOW- LINEN HOUSE,497296388,https://jhbbedding.company.site/EXCEED-FEATHER-DOWN-PILLOW-LINEN-HOUSE-p497296388,600,870,957,https://d2j6dbq0eux0bg.cloudfront.net/images/46321008/3255894355.jpg
other > bedding,FEATHER STANDARD PILLOW,290991282,https://jhbbedding.company.site/FEATHER-STANDARD-PILLOW-p290991282,340,493,542,https://d2j6dbq0eux0bg.cloudfront.net/images/46321008/1966915856.jpg
other > bedding,ELECTRIC BLANKET- SINGLE,548949285,https://jhbbedding.company.site/ELECTRIC-BLANKET-SINGLE-p548949285,300,435,479,https://d2j6dbq0eux0bg.cloudfront.net/images/46321008/3569282978.jpg
other > bedding,ELECTRIC BLANKET KING,548952536,https://jhbbedding.company.site/ELECTRIC-BLANKET-KING-p548952536,700,1015,1116,https://d2j6dbq0eux0bg.cloudfront.net/images/46321008/4342940885.jpg
other > bedding,VELVET BASE WRAP,290997307,https://jhbbedding.company.site/VELVET-BASE-WRAP-p290997307,180,261,287,https://d2j6dbq0eux0bg.cloudfront.net/images/46321008/1963639648.jpg
other > bedding,COIL QUILTED MATTRESS PROTECTOR,562765807,https://jhbbedding.company.site/COIL-QUILTED-MATTRESS-PROTECTOR-p562765807,150,218,240,https://d2j6dbq0eux0bg.cloudfront.net/images/46321008/3661961815.jpg
other > bedding,FRILLED SHEET SETS,303540546,https://jhbbedding.company.site/FRILLED-SHEET-SETS-p303540546,120,174,191,https://d2j6dbq0eux0bg.cloudfront.net/images/46321008/2050100690.jpg
other > bedding,LUX SCATTER PILLOW- NAVY GOLD VELVET,553907122,https://jhbbedding.company.site/LUX-SCATTER-PILLOW-NAVY-GOLD-VELVET-p553907122,350,508,559,https://d2j6dbq0eux0bg.cloudfront.net/images/46321008/3603362167.jpg
other > bedding,LUX SCATTER PILLOW- GOLD,553884146,https://jhbbedding.company.site/LUX-SCATTER-PILLOW-GOLD-p553884146,350,508,559,https://d2j6dbq0eux0bg.cloudfront.net/images/46321008/3603361729.jpg
other > bedding,MARBLE SCATTER PILLOW,556430330,https://jhbbedding.company.site/MARBLE-SCATTER-PILLOW-p556430330,100,145,160,https://d2j6dbq0eux0bg.cloudfront.net/images/46321008/3616158387.jpg
other > bedding,MESSAGE EGG PILLOW,382883934,https://jhbbedding.company.site/MESSAGE-EGG-PILLOW-p382883934,250,362,398,https://d2j6dbq0eux0bg.cloudfront.net/images/46321008/2465291211.jpg
other > bedding,MEMORY FOAM KIDS NECK PILLOW,558005875,https://jhbbedding.company.site/MEMORY-FOAM-KIDS-NECK-PILLOW-p558005875,130,188,207,https://d2j6dbq0eux0bg.cloudfront.net/images/46321008/3627575855.jpg
other > bedding,QUILTED CONTINENTAL PILLOWS,307471812,https://jhbbedding.company.site/QUILTED-CONTINENTAL-PILLOWS-p307471812,150,218,240,https://d2j6dbq0eux0bg.cloudfront.net/images/46321008/2069352528.jpg
other > bedding,QUILTED STANDARD PILLOWS,508135333,https://jhbbedding.company.site/QUILTED-STANDARD-PILLOWS-p508135333,120,174,191,https://d2j6dbq0eux0bg.cloudfront.net/images/46321008/3313893966.jpg
other > bedding,SILK CONTINENTAL PILLOW,303540545,https://jhbbedding.company.site/SILK-CONTINENTAL-PILLOW-p303540545,50,72,79,https://d2j6dbq0eux0bg.cloudfront.net/images/46321008/3603471504.jpg
other > bedding,SCATTER PILLOW INNER,542568589,https://jhbbedding.company.site/SCATTER-PILLOW-INNER-p542568589,15,22,24,https://d2j6dbq0eux0bg.cloudfront.net/images/46321008/3531817769.jpg
other > bedding,SILK STANDARD PILLOWS,303581512,https://jhbbedding.company.site/SILK-STANDARD-PILLOWS-p303581512,50,72,79,https://d2j6dbq0eux0bg.cloudfront.net/images/46321008/2069309870.jpg
other > bedding,VELVET STANDARD PILLOWS,291036223,https://jhbbedding.company.site/VELVET-STANDARD-PILLOWS-p291036223,200,290,319,https://d2j6dbq0eux0bg.cloudfront.net/images/46321008/1966912819.jpg
other > bedding,WATERPROOF STANDARD PILLOW PROTECTORS,291031232,https://jhbbedding.company.site/WATERPROOF-STANDARD-PILLOW-PROTECTORS-p291031232,100,145,160,https://d2j6dbq0eux0bg.cloudfront.net/images/46321008/1966980195.jpg
other > bedding,XMAS SCATTER PILLOW,511674390,https://jhbbedding.company.site/XMAS-SCATTER-PILLOW-p511674390,50,72,79,https://d2j6dbq0eux0bg.cloudfront.net/images/46321008/3336957188.jpg
other > bedding,FRILLED LACE QUILTED SHEET SET,632702401,https://jhbbedding.company.site/FRILLED-LACE-QUILTED-SHEET-SET-p632702401,280,406,447,https://d2j6dbq0eux0bg.cloudfront.net/images/46321008/4147233147.jpg
other > bedding,ELECTRIC BLANKET- DOUBLE,660824404,https://jhbbedding.company.site/ELECTRIC-BLANKET-DOUBLE-p660824404,500,725,798,https://d2j6dbq0eux0bg.cloudfront.net/images/46321008/4342941925.jpg
other > bedding,BLOCK WP SHEET SET,693076514,https://jhbbedding.company.site/BLOCK-WP-SHEET-SET-p693076514,280,406,447,https://d2j6dbq0eux0bg.cloudfront.net/images/46321008/4521633098.jpg
other > baby,BABY FLEECE BLANKETS 2PLY,479470841,https://jhbbedding.company.site/BABY-FLEECE-BLANKETS-2PLY-p479470841,150,218,240,https://d2j6dbq0eux0bg.cloudfront.net/images/46321008/3151710306.jpg
other > baby,BABY MINK BLANKET,475032063,https://jhbbedding.company.site/BABY-MINK-BLANKET-p475032063,220,319,351,https://d2j6dbq0eux0bg.cloudfront.net/images/46321008/3134949466.jpg
other > baby,CUPID BABY BLANKET,295312947,https://jhbbedding.company.site/CUPID-BABY-BLANKET-p295312947,300,435,479,https://d2j6dbq0eux0bg.cloudfront.net/images/46321008/1992109156.jpg
other > baby,RAINBOW BABY MINK BLANKETS,464864011,https://jhbbedding.company.site/RAINBOW-BABY-MINK-BLANKETS-p464864011,100,145,160,https://d2j6dbq0eux0bg.cloudfront.net/images/46321008/3068672741.jpg
other > baby,GLOW IN THE DARK FLEECE BLANKET,549511012,https://jhbbedding.company.site/GLOW-IN-THE-DARK-FLEECE-BLANKET-p549511012,100,145,160,https://d2j6dbq0eux0bg.cloudfront.net/images/46321008/3587936431.jpg
other > baby,BABY BLANKET 1PLY PLAIN,553883639,https://jhbbedding.company.site/BABY-BLANKET-1PLY-PLAIN-p553883639,120,174,191,https://d2j6dbq0eux0bg.cloudfront.net/images/46321008/3602300746.jpg
other > baby,PRINTED VELVET 2PLY BABY BLANKET,553883134,https://jhbbedding.company.site/PRINTED-VELVET-2PLY-BABY-BLANKET-p553883134,180,261,287,https://d2j6dbq0eux0bg.cloudfront.net/images/46321008/3603381013.jpg
other > baby,PANDA BABY BLANKETS,698375037,https://jhbbedding.company.site/PANDA-BABY-BLANKETS-p698375037,110,160,176,https://d2j6dbq0eux0bg.cloudfront.net/images/46321008/4557529426.jpg
other > mink,2PLY PRINTED NF MINK,532711768,https://jhbbedding.company.site/2PLY-PRINTED-NF-MINK-p532711768,380,551,606,https://d2j6dbq0eux0bg.cloudfront.net/images/46321008/3473473123.jpg
other > mink,ALICE MINK BLANKET  2PLY,310494363,https://jhbbedding.company.site/ALICE-MINK-BLANKET-2PLY-p310494363,350,508,559,https://d2j6dbq0eux0bg.cloudfront.net/images/46321008/3520261232.jpg
other > mink,ALICE MINK BLANKET 1PLY,540743548,https://jhbbedding.company.site/ALICE-MINK-BLANKET-1PLY-p540743548,320,464,510,https://d2j6dbq0eux0bg.cloudfront.net/images/46321008/3520365384.jpg
other > mink,BRAD MINK BLANKET 2PLY,536572689,https://jhbbedding.company.site/BRAD-MINK-BLANKET-2PLY-p536572689,300,435,479,https://d2j6dbq0eux0bg.cloudfront.net/images/46321008/3497244144.jpg
other > mink,CADE MINK BLANKET,540750037,https://jhbbedding.company.site/CADE-MINK-BLANKET-p540750037,300,435,479,https://d2j6dbq0eux0bg.cloudfront.net/images/46321008/3520352928.jpg
other > mink,COLOURFULL MINK BLANKET,351735064,https://jhbbedding.company.site/COLOURFULL-MINK-BLANKET-p351735064,500,725,798,https://d2j6dbq0eux0bg.cloudfront.net/images/46321008/2246165890.jpg
other > mink,COSY MINK BLANKET,541935253,https://jhbbedding.company.site/COSY-MINK-BLANKET-p541935253,850,1232,1355,https://d2j6dbq0eux0bg.cloudfront.net/images/46321008/4274740477.png
other > mink,ELLIE MINK BLANKET 1PLY,540750775,https://jhbbedding.company.site/ELLIE-MINK-BLANKET-1PLY-p540750775,300,435,479,https://d2j6dbq0eux0bg.cloudfront.net/images/46321008/3520361941.jpg
other > mink,EMBOSSED 2PLY PLAIN MINK BLANKETS,541370268,https://jhbbedding.company.site/EMBOSSED-2PLY-PLAIN-MINK-BLANKETS-p541370268,320,464,510,https://d2j6dbq0eux0bg.cloudfront.net/images/46321008/3524560013.jpg
other > mink,EVERNICE BLANKET- WHITE,367959713,https://jhbbedding.company.site/EVERNICE-BLANKET-WHITE-p367959713,880,1276,1404,https://d2j6dbq0eux0bg.cloudfront.net/images/46321008/2355710566.jpg
other > mink,HIGH TERRA 2PLY PLAIN,532711787,https://jhbbedding.company.site/HIGH-TERRA-2PLY-PLAIN-p532711787,320,464,510,https://d2j6dbq0eux0bg.cloudfront.net/images/46321008/3473482580.jpg
other > mink,HIGH TERRA PRINTED MINK BLANKETS 1PLY,541398013,https://jhbbedding.company.site/HIGH-TERRA-PRINTED-MINK-BLANKETS-1PLY-p541398013,350,508,559,https://d2j6dbq0eux0bg.cloudfront.net/images/46321008/3524117158.jpg
other > mink,HIGH TERRA SHERPA MINK BLANKET,532697643,https://jhbbedding.company.site/HIGH-TERRA-SHERPA-MINK-BLANKET-p532697643,330,478,526,https://d2j6dbq0eux0bg.cloudfront.net/images/46321008/3473485065.jpg
other > mink,HONEYCOMB MINK BLANKET 1PLY,540964001,https://jhbbedding.company.site/HONEYCOMB-MINK-BLANKET-1PLY-p540964001,300,435,479,https://d2j6dbq0eux0bg.cloudfront.net/images/46321008/3521169004.jpg
other > mink,IYWA MINK BLANKET 1PLY,540743549,https://jhbbedding.company.site/IYWA-MINK-BLANKET-1PLY-p540743549,300,435,479,https://d2j6dbq0eux0bg.cloudfront.net/images/46321008/3520365387.jpg
other > mink,KELVIN MINK BLANKET,455033125,https://jhbbedding.company.site/KELVIN-MINK-BLANKET-p455033125,300,435,479,https://d2j6dbq0eux0bg.cloudfront.net/images/46321008/2996783494.jpg
other > mink,LONDON MINK BLANKET,456894643,https://jhbbedding.company.site/LONDON-MINK-BLANKET-p456894643,550,798,878,https://d2j6dbq0eux0bg.cloudfront.net/images/46321008/3012464866.jpg
other > mink,LUCY MINK BLANKET,344561001,https://jhbbedding.company.site/LUCY-MINK-BLANKET-p344561001,270,392,431,https://d2j6dbq0eux0bg.cloudfront.net/images/46321008/2212021092.jpg
other > mink,MARVIN MINK BLANKET 2PLY,536563713,https://jhbbedding.company.site/MARVIN-MINK-BLANKET-2PLY-p536563713,300,435,479,https://d2j6dbq0eux0bg.cloudfront.net/images/46321008/3497242211.jpg
other > mink,MINK ORCHID BLANKET,315816110,https://jhbbedding.company.site/MINK-ORCHID-BLANKET-p315816110,850,1232,1355,https://d2j6dbq0eux0bg.cloudfront.net/images/46321008/2114564232.jpg
other > mink,MONOCO MINK BLANKET,542586362,https://jhbbedding.company.site/MONOCO-MINK-BLANKET-p542586362,500,725,798,https://d2j6dbq0eux0bg.cloudfront.net/images/46321008/3531903931.jpg
other > mink,PANDORA MINK BLANKET,360114418,https://jhbbedding.company.site/PANDORA-MINK-BLANKET-p360114418,450,652,717,https://d2j6dbq0eux0bg.cloudfront.net/images/46321008/2307590633.jpg
other > mink,PARIS MINK BLANKET 01,541919755,https://jhbbedding.company.site/PARIS-MINK-BLANKET-01-p541919755,650,942,1036,https://d2j6dbq0eux0bg.cloudfront.net/images/46321008/3528039554.jpg
other > mink,PARIS MINK BLANKET 03,541924256,https://jhbbedding.company.site/PARIS-MINK-BLANKET-03-p541924256,650,942,1036,https://d2j6dbq0eux0bg.cloudfront.net/images/46321008/3528024349.jpg
other > mink,PARIS MINK BLANKET 04,541919756,https://jhbbedding.company.site/PARIS-MINK-BLANKET-04-p541919756,650,942,1036,https://d2j6dbq0eux0bg.cloudfront.net/images/46321008/3528040339.jpg
other > mink,PLAIN 1PLY MINK BLANKETS HT,303639487,https://jhbbedding.company.site/PLAIN-1PLY-MINK-BLANKETS-HT-p303639487,300,435,479,https://d2j6dbq0eux0bg.cloudfront.net/images/46321008/2069413085.jpg
other > mink,PLAIN MINK EMBOSSED BLANKET,532697654,https://jhbbedding.company.site/PLAIN-MINK-EMBOSSED-BLANKET-p532697654,280,406,447,https://d2j6dbq0eux0bg.cloudfront.net/images/46321008/3473488775.jpg
other > mink,RODGER MINK BLANKET  2PLY,540750036,https://jhbbedding.company.site/RODGER-MINK-BLANKET-2PLY-p540750036,350,508,559,https://d2j6dbq0eux0bg.cloudfront.net/images/46321008/3520361926.jpg
other > mink,ROME 3D BLANKET- CARAMEL,481369091,https://jhbbedding.company.site/ROME-3D-BLANKET-CARAMEL-p481369091,850,1232,1355,https://d2j6dbq0eux0bg.cloudfront.net/images/46321008/4392229988.jpg
other > mink,WEDDING MINK BLANKET,351566682,https://jhbbedding.company.site/WEDDING-MINK-BLANKET-p351566682,600,870,957,https://d2j6dbq0eux0bg.cloudfront.net/images/46321008/3151692418.jpg
other > mink,ZOYA MINK BLANKET,541945254,https://jhbbedding.company.site/ZOYA-MINK-BLANKET-p541945254,650,942,1036,https://d2j6dbq0eux0bg.cloudfront.net/images/46321008/3528032327.jpg
other > mink,BLACK COOKWARE SET 13P,479466351,https://jhbbedding.company.site/BLACK-COOKWARE-SET-13P-p479466351,200,290,319,https://d2j6dbq0eux0bg.cloudfront.net/images/46321008/4501278395.jpg
other > mink,JIYA JIYA MINK BLANKET,553884406,https://jhbbedding.company.site/JIYA-JIYA-MINK-BLANKET-p553884406,300,435,479,https://d2j6dbq0eux0bg.cloudfront.net/images/46321008/3603362102.jpg
other > mink,ALICE 1PLY MINK BLANKET-TWIN PACK,553907121,https://jhbbedding.company.site/ALICE-1PLY-MINK-BLANKET-TWIN-PACK-p553907121,580,841,925,https://d2j6dbq0eux0bg.cloudfront.net/images/46321008/3603361679.jpg
other > mink,DOLPHIN MINK BLANKET- BRONZE COLLECTION,553884144,https://jhbbedding.company.site/DOLPHIN-MINK-BLANKET-BRONZE-COLLECTION-p553884144,500,725,798,https://d2j6dbq0eux0bg.cloudfront.net/images/46321008/3603362380.jpg
other > mink,CHARLIE MINK FRILLED BLANKETS,555917567,https://jhbbedding.company.site/CHARLIE-MINK-FRILLED-BLANKETS-p555917567,150,218,240,https://d2j6dbq0eux0bg.cloudfront.net/images/46321008/3610322557.jpg
other > mink,​B2 printed 2ply mink blankets,573624908,https://jhbbedding.company.site/%E2%80%8BB2-printed-2ply-mink-blankets-p573624908,300,435,479,https://d2j6dbq0eux0bg.cloudfront.net/images/46321008/3748801820.jpg
other > mink,PRINTED MINK BLANKET- DOUBLE,646772371,https://jhbbedding.company.site/PRINTED-MINK-BLANKET-DOUBLE-p646772371,180,261,287,https://d2j6dbq0eux0bg.cloudfront.net/images/46321008/4237202128.jpg
other > mink,BABY MINK BLANKET,475032063,https://jhbbedding.company.site/BABY-MINK-BLANKET-p475032063,220,319,351,https://d2j6dbq0eux0bg.cloudfront.net/images/46321008/3134949466.jpg
other > mink,DOLPHIN MINK BLANKET- PREMIER COLLECTION,553885674,https://jhbbedding.company.site/DOLPHIN-MINK-BLANKET-PREMIER-COLLECTION-p553885674,500,725,798,https://d2j6dbq0eux0bg.cloudfront.net/images/46321008/3603362614.jpg
other > mink,RAINBOW BABY MINK BLANKETS,464864011,https://jhbbedding.company.site/RAINBOW-BABY-MINK-BLANKETS-p464864011,100,145,160,https://d2j6dbq0eux0bg.cloudfront.net/images/46321008/3068672741.jpg
other > mink,VELVET MINK FLEECE BLANKET,291027221,https://jhbbedding.company.site/VELVET-MINK-FLEECE-BLANKET-p291027221,320,464,510,https://d2j6dbq0eux0bg.cloudfront.net/images/46321008/2010373414.jpg
other > mink,MINK BLANKETS BA2 PLAIN 2PLY,649086664,https://jhbbedding.company.site/MINK-BLANKETS-BA2-PLAIN-2PLY-p649086664,300,435,479,https://d2j6dbq0eux0bg.cloudfront.net/images/46321008/4274716581.jpg
other > mink,PRINTED 2PLY BAW MINK BLANKET,649106367,https://jhbbedding.company.site/PRINTED-2PLY-BAW-MINK-BLANKET-p649106367,320,464,510,https://d2j6dbq0eux0bg.cloudfront.net/images/46321008/4274713727.jpg
other > mink,PLAIN MINK BLANKET GFT 2PLY,649106412,https://jhbbedding.company.site/PLAIN-MINK-BLANKET-GFT-2PLY-p649106412,320,464,510,https://d2j6dbq0eux0bg.cloudfront.net/images/46321008/4274752533.jpg
other > mink,CORDUROY BLANKET SET,562765811,https://jhbbedding.company.site/CORDUROY-BLANKET-SET-p562765811,450,652,717,https://d2j6dbq0eux0bg.cloudfront.net/images/46321008/3662006324.jpg
other > mink,CUPID BABY BLANKET,295312947,https://jhbbedding.company.site/CUPID-BABY-BLANKET-p295312947,300,435,479,https://d2j6dbq0eux0bg.cloudfront.net/images/46321008/1992109156.jpg
other > mink,FLUFFY BLANKET,315762192,https://jhbbedding.company.site/FLUFFY-BLANKET-p315762192,300,435,479,https://d2j6dbq0eux0bg.cloudfront.net/images/46321008/2114741004.jpg
other > mink,FLUFFY BLANKET THROWS,473450268,https://jhbbedding.company.site/FLUFFY-BLANKET-THROWS-p473450268,250,362,398,https://d2j6dbq0eux0bg.cloudfront.net/images/46321008/3122326758.jpg
other > mink,GEOMETRIC FLEECE BLANKET SET,566203358,https://jhbbedding.company.site/GEOMETRIC-FLEECE-BLANKET-SET-p566203358,320,464,510,https://d2j6dbq0eux0bg.cloudfront.net/images/46321008/3697939847.jpg
other > mink,DOLPHIN SHERPA MINK BLANKET,649186779,https://jhbbedding.company.site/DOLPHIN-SHERPA-MINK-BLANKET-p649186779,350,508,559,https://d2j6dbq0eux0bg.cloudfront.net/images/46321008/4274806157.jpg
other > box,WEDDING MINK BLANKET,351566682,https://jhbbedding.company.site/WEDDING-MINK-BLANKET-p351566682,600,870,957,https://d2j6dbq0eux0bg.cloudfront.net/images/46321008/3151692418.jpg
other > box,ZOYA MINK BLANKET,541945254,https://jhbbedding.company.site/ZOYA-MINK-BLANKET-p541945254,650,942,1036,https://d2j6dbq0eux0bg.cloudfront.net/images/46321008/3528032327.jpg
other > box,EVERNICE BLANKET- WHITE,367959713,https://jhbbedding.company.site/EVERNICE-BLANKET-WHITE-p367959713,880,1276,1404,https://d2j6dbq0eux0bg.cloudfront.net/images/46321008/2355710566.jpg
other > box,LONDON MINK BLANKET,456894643,https://jhbbedding.company.site/LONDON-MINK-BLANKET-p456894643,550,798,878,https://d2j6dbq0eux0bg.cloudfront.net/images/46321008/3012464866.jpg
other > box,ROME 3D BLANKET- CARAMEL,481369091,https://jhbbedding.company.site/ROME-3D-BLANKET-CARAMEL-p481369091,850,1232,1355,https://d2j6dbq0eux0bg.cloudfront.net/images/46321008/4392229988.jpg
other > box,PARIS MINK BLANKET 01,541919755,https://jhbbedding.company.site/PARIS-MINK-BLANKET-01-p541919755,650,942,1036,https://d2j6dbq0eux0bg.cloudfront.net/images/46321008/3528039554.jpg
other > box,PARIS MINK BLANKET 03,541924256,https://jhbbedding.company.site/PARIS-MINK-BLANKET-03-p541924256,650,942,1036,https://d2j6dbq0eux0bg.cloudfront.net/images/46321008/3528024349.jpg
other > box,PARIS MINK BLANKET 04,541919756,https://jhbbedding.company.site/PARIS-MINK-BLANKET-04-p541919756,650,942,1036,https://d2j6dbq0eux0bg.cloudfront.net/images/46321008/3528040339.jpg
other > box,BABY MINK BLANKET,475032063,https://jhbbedding.company.site/BABY-MINK-BLANKET-p475032063,220,319,351,https://d2j6dbq0eux0bg.cloudfront.net/images/46321008/3134949466.jpg
other > box,MINK ORCHID BLANKET,315816110,https://jhbbedding.company.site/MINK-ORCHID-BLANKET-p315816110,850,1232,1355,https://d2j6dbq0eux0bg.cloudfront.net/images/46321008/2114564232.jpg
other > box,RABBIT FAUX FUR BLANKETS,639254217,https://jhbbedding.company.site/RABBIT-FAUX-FUR-BLANKETS-p639254217,950,1378,1516,https://d2j6dbq0eux0bg.cloudfront.net/images/46321008/4193888319.jpg
other > box,AD LUXURY FAUX FUR BLANKET,573691037,https://jhbbedding.company.site/AD-LUXURY-FAUX-FUR-BLANKET-p573691037,850,1232,1355,https://d2j6dbq0eux0bg.cloudfront.net/images/46321008/3748642906.jpg
other > box,PANDORA MINK BLANKET,360114418,https://jhbbedding.company.site/PANDORA-MINK-BLANKET-p360114418,450,652,717,https://d2j6dbq0eux0bg.cloudfront.net/images/46321008/2307590633.jpg
other > box,TOP SHAMROCK MINK BLANKET,673381255,https://jhbbedding.company.site/TOP-SHAMROCK-MINK-BLANKET-p673381255,650,942,1036,https://d2j6dbq0eux0bg.cloudfront.net/images/46321008/4392244548.jpg
homeware > carpets,FLUFFY CARPETS,475054063,https://jhbbedding.company.site/FLUFFY-CARPETS-p475054063,120,174,191,https://d2j6dbq0eux0bg.cloudfront.net/images/46321008/3439261257.jpg
homeware > carpets,MARBLE CARPET,455241644,https://jhbbedding.company.site/MARBLE-CARPET-p455241644,200,290,319,https://d2j6dbq0eux0bg.cloudfront.net/images/46321008/3131027706.jpg
homeware > carpets,RABBIT FUR CARPET PINK,556430318,https://jhbbedding.company.site/RABBIT-FUR-CARPET-PINK-p556430318,600,870,957,https://d2j6dbq0eux0bg.cloudfront.net/images/46321008/3614638560.jpg
homeware > carpets,TEDDY CARPET- LARGE,573546697,https://jhbbedding.company.site/TEDDY-CARPET-LARGE-p573546697,320,464,510,https://d2j6dbq0eux0bg.cloudfront.net/images/46321008/3747789346.jpg
homeware > carpets,3D SHAPED CARPET- V323,577844280,https://jhbbedding.company.site/3D-SHAPED-CARPET-V323-p577844280,170,246,271,https://d2j6dbq0eux0bg.cloudfront.net/images/46321008/3777143624.jpg
homeware > carpets,3D SHAPED CARPET- V308,577844285,https://jhbbedding.company.site/3D-SHAPED-CARPET-V308-p577844285,170,246,271,https://d2j6dbq0eux0bg.cloudfront.net/images/46321008/3777147824.jpg
homeware > carpets,3D SHAPED BEDROOM COMBO,584140507,https://jhbbedding.company.site/3D-SHAPED-BEDROOM-COMBO-p584140507,720,1044,1148,https://d2j6dbq0eux0bg.cloudfront.net/images/46321008/3848095300.jpg
homeware > carpets,COIL BEDROOM COMBO 3D,490824723,https://jhbbedding.company.site/COIL-BEDROOM-COMBO-3D-p490824723,800,1160,1276,https://d2j6dbq0eux0bg.cloudfront.net/images/46321008/3214048685.jpg
homeware > carpets,3D CARPET- J097,598561863,https://jhbbedding.company.site/3D-CARPET-J097-p598561863,170,246,271,https://d2j6dbq0eux0bg.cloudfront.net/images/46321008/3938827237.jpg
homeware > carpets,3D CARPET- V71,598555374,https://jhbbedding.company.site/3D-CARPET-V71-p598555374,180,261,287,https://d2j6dbq0eux0bg.cloudfront.net/images/46321008/3976692617.jpg
homeware > carpets,3D CARPET- J0105,598557156,https://jhbbedding.company.site/3D-CARPET-J0105-p598557156,170,246,271,https://d2j6dbq0eux0bg.cloudfront.net/images/46321008/3938874699.jpg
homeware > carpets,3D CARPET- J0V97,598557157,https://jhbbedding.company.site/3D-CARPET-J0V97-p598557157,180,261,287,https://d2j6dbq0eux0bg.cloudfront.net/images/46321008/3938877428.jpg
homeware > carpets,3D SHAPED CARPET- V306,603634395,https://jhbbedding.company.site/3D-SHAPED-CARPET-V306-p603634395,170,246,271,https://d2j6dbq0eux0bg.cloudfront.net/images/46321008/3967221712.jpg
homeware > carpets,3D SHAPED CARPET- V333,603634795,https://jhbbedding.company.site/3D-SHAPED-CARPET-V333-p603634795,170,246,271,https://d2j6dbq0eux0bg.cloudfront.net/images/46321008/3967221697.jpg
homeware > carpets,3D BATHROOM MATS,573536551,https://jhbbedding.company.site/3D-BATHROOM-MATS-p573536551,50,72,79,https://d2j6dbq0eux0bg.cloudfront.net/images/46321008/3747198366.jpg
homeware > carpets,3D CARPET- V73,629344624,https://jhbbedding.company.site/3D-CARPET-V73-p629344624,170,246,271,https://d2j6dbq0eux0bg.cloudfront.net/images/46321008/4124195616.jpg
homeware > carpets,TEDDY CARPET- WHITE,629345878,https://jhbbedding.company.site/TEDDY-CARPET-WHITE-p629345878,200,290,319,https://d2j6dbq0eux0bg.cloudfront.net/images/46321008/4124209841.jpg
homeware > carpets,TEDDY CARPET- BLACK,629369254,https://jhbbedding.company.site/TEDDY-CARPET-BLACK-p629369254,200,290,319,https://d2j6dbq0eux0bg.cloudfront.net/images/46321008/4124209891.jpg
homeware > carpets,TEDDY CARPET- PINK,629345950,https://jhbbedding.company.site/TEDDY-CARPET-PINK-p629345950,200,290,319,https://d2j6dbq0eux0bg.cloudfront.net/images/46321008/4124268296.jpg
homeware > carpets,TEDDY CARPET- CREAM,629347934,https://jhbbedding.company.site/TEDDY-CARPET-CREAM-p629347934,200,290,319,https://d2j6dbq0eux0bg.cloudfront.net/images/46321008/4124268301.jpg
homeware > carpets,TEDDY CARPET- GOLD,629369253,https://jhbbedding.company.site/TEDDY-CARPET-GOLD-p629369253,200,290,319,https://d2j6dbq0eux0bg.cloudfront.net/images/46321008/4124195671.jpg
homeware > carpets,TEDDY CARPET- GREY,629347933,https://jhbbedding.company.site/TEDDY-CARPET-GREY-p629347933,200,290,319,https://d2j6dbq0eux0bg.cloudfront.net/images/46321008/4124221892.jpg
homeware > carpets,TEDDY CARPET- WHITE,629344650,https://jhbbedding.company.site/TEDDY-CARPET-WHITE-p629344650,200,290,319,https://d2j6dbq0eux0bg.cloudfront.net/images/46321008/4125056008.jpg
homeware > carpets,3D CARPET- J083,629484380,https://jhbbedding.company.site/3D-CARPET-J083-p629484380,170,246,271,https://d2j6dbq0eux0bg.cloudfront.net/images/46321008/4124965438.jpg
homeware > carpets,3D CARPET- J050,629495560,https://jhbbedding.company.site/3D-CARPET-J050-p629495560,170,246,271,https://d2j6dbq0eux0bg.cloudfront.net/images/46321008/4125028086.jpg
homeware > carpets,3D CARPET- V79,629495561,https://jhbbedding.company.site/3D-CARPET-V79-p629495561,170,246,271,https://d2j6dbq0eux0bg.cloudfront.net/images/46321008/4125043280.jpg
homeware > carpets,3D CARPET- J080,629506041,https://jhbbedding.company.site/3D-CARPET-J080-p629506041,170,246,271,https://d2j6dbq0eux0bg.cloudfront.net/images/46321008/4125056013.jpg
homeware > carpets,3D SHAPED CARPET- V310,629506042,https://jhbbedding.company.site/3D-SHAPED-CARPET-V310-p629506042,170,246,271,https://d2j6dbq0eux0bg.cloudfront.net/images/46321008/4124965473.jpg
homeware > carpets,RABBIT FUR CARPETS,646791287,https://jhbbedding.company.site/RABBIT-FUR-CARPETS-p646791287,250,362,398,https://d2j6dbq0eux0bg.cloudfront.net/images/46321008/4237202248.jpg
homeware > carpets,3D SHAPED CARPET- V309,661481350,https://jhbbedding.company.site/3D-SHAPED-CARPET-V309-p661481350,170,246,271,https://d2j6dbq0eux0bg.cloudfront.net/images/46321008/4345076737.jpg
homeware > carpets,3D SHAPED CARPET- V321,661504751,https://jhbbedding.company.site/3D-SHAPED-CARPET-V321-p661504751,170,246,271,https://d2j6dbq0eux0bg.cloudfront.net/images/46321008/4345080745.jpg
homeware > carpets,3D SHAPED CARPET- V320,661481352,https://jhbbedding.company.site/3D-SHAPED-CARPET-V320-p661481352,170,246,271,https://d2j6dbq0eux0bg.cloudfront.net/images/46321008/4345095062.jpg
homeware > carpets,3D SHAPED CARPET- V331,661467638,https://jhbbedding.company.site/3D-SHAPED-CARPET-V331-p661467638,170,246,271,https://d2j6dbq0eux0bg.cloudfront.net/images/46321008/4345095217.jpg
homeware > carpets,FLEECE PUZZLE FLOOR MAT,704637080,https://jhbbedding.company.site/FLEECE-PUZZLE-FLOOR-MAT-p704637080,170,246,271,https://d2j6dbq0eux0bg.cloudfront.net/images/46321008/4605315278.jpg
other > couch,RED STONE SOFA COVER SET,621765799,https://jhbbedding.company.site/RED-STONE-SOFA-COVER-SET-p621765799,450,652,717,https://d2j6dbq0eux0bg.cloudfront.net/images/46321008/4076126456.jpg
other > couch,COUCH COVER COMBO,524910461,https://jhbbedding.company.site/COUCH-COVER-COMBO-p524910461,750,1088,1197,https://d2j6dbq0eux0bg.cloudfront.net/images/46321008/3427504423.jpg
other > couch,FLOWER EMBOSSED COUCH COVER,562579191,https://jhbbedding.company.site/FLOWER-EMBOSSED-COUCH-COVER-p562579191,600,870,957,https://d2j6dbq0eux0bg.cloudfront.net/images/46321008/3660529036.jpg
other > couch,QUILTED COUCH COVER,488427333,https://jhbbedding.company.site/QUILTED-COUCH-COVER-p488427333,150,218,240,https://d2j6dbq0eux0bg.cloudfront.net/images/46321008/3199711082.jpg
other > couch,WAFFLE TEXTURED SOFA COVERS,524912392,https://jhbbedding.company.site/WAFFLE-TEXTURED-SOFA-COVERS-p524912392,600,870,957,https://d2j6dbq0eux0bg.cloudfront.net/images/46321008/3427548136.jpg
other > couch,EMBOSSED FRILLED SOFA COVERS,534516555,https://jhbbedding.company.site/EMBOSSED-FRILLED-SOFA-COVERS-p534516555,500,725,798,https://d2j6dbq0eux0bg.cloudfront.net/images/46321008/3486026905.jpg
other > couch,FRILLED SOFA COVERS,483565541,https://jhbbedding.company.site/FRILLED-SOFA-COVERS-p483565541,450,652,717,https://d2j6dbq0eux0bg.cloudfront.net/images/46321008/3172628207.jpg
other > couch,JACQUERED BLOCK SOFA COVERS,524919269,https://jhbbedding.company.site/JACQUERED-BLOCK-SOFA-COVERS-p524919269,600,870,957,https://d2j6dbq0eux0bg.cloudfront.net/images/46321008/3427602215.jpg
other > couch,SOFA COVERS PLAIN 2211,483535049,https://jhbbedding.company.site/SOFA-COVERS-PLAIN-2211-p483535049,500,725,798,https://d2j6dbq0eux0bg.cloudfront.net/images/46321008/3172628384.jpg
other > couch,SOFA COVERS PLAIN 321,483565540,https://jhbbedding.company.site/SOFA-COVERS-PLAIN-321-p483565540,450,652,717,https://d2j6dbq0eux0bg.cloudfront.net/images/46321008/3172628924.jpg
other > couch,TEXTURED SOFA COVERS,524907951,https://jhbbedding.company.site/TEXTURED-SOFA-COVERS-p524907951,500,725,798,https://d2j6dbq0eux0bg.cloudfront.net/images/46321008/3427587010.jpg
other > couch,VELVET SOFA COVERS,524919292,https://jhbbedding.company.site/VELVET-SOFA-COVERS-p524919292,600,870,957,https://d2j6dbq0eux0bg.cloudfront.net/images/46321008/3427609130.jpg
other > couch,VELVET TEXTURED SOFA COVER- 2211,591652612,https://jhbbedding.company.site/VELVET-TEXTURED-SOFA-COVER-2211-p591652612,620,899,989,https://d2j6dbq0eux0bg.cloudfront.net/images/46321008/3892003788.jpg
other > couch,VELVET TEXTURED SOFA COVER- 321,591665083,https://jhbbedding.company.site/VELVET-TEXTURED-SOFA-COVER-321-p591665083,600,870,957,https://d2j6dbq0eux0bg.cloudfront.net/images/46321008/3891928652.jpg
other > couch,SOFA COVERS PLAIN LSHAPE,632732344,https://jhbbedding.company.site/SOFA-COVERS-PLAIN-LSHAPE-p632732344,420,609,670,https://d2j6dbq0eux0bg.cloudfront.net/images/46321008/4147222671.png
other > couch,VELVET TEXTURED SOFA COVER- LSHAPE,632730177,https://jhbbedding.company.site/VELVET-TEXTURED-SOFA-COVER-LSHAPE-p632730177,570,826,909,https://d2j6dbq0eux0bg.cloudfront.net/images/46321008/4147222661.jpg
homeware > storage,SHOE RACK,529145997,https://jhbbedding.company.site/SHOE-RACK-p529145997,160,232,255,https://d2j6dbq0eux0bg.cloudfront.net/images/46321008/3450831596.jpg
homeware > storage,BAMBOO BREADBIN SET- CREAM GOLD,316439327,https://jhbbedding.company.site/BAMBOO-BREADBIN-SET-CREAM-GOLD-p316439327,350,508,559,https://d2j6dbq0eux0bg.cloudfront.net/images/46321008/2116923617.jpg
homeware > storage,GLASS JEWELLERY BOX- SQUARE,539411045,https://jhbbedding.company.site/GLASS-JEWELLERY-BOX-SQUARE-p539411045,180,261,287,https://d2j6dbq0eux0bg.cloudfront.net/images/46321008/3512305634.jpg
homeware > storage,STORAGE CONTAINERS- 6 PIECE,558002611,https://jhbbedding.company.site/STORAGE-CONTAINERS-6-PIECE-p558002611,230,334,367,https://d2j6dbq0eux0bg.cloudfront.net/images/46321008/3627139741.jpg
homeware > storage,GLASS JEWELLERY BOX- HEXAGON,539396596,https://jhbbedding.company.site/GLASS-JEWELLERY-BOX-HEXAGON-p539396596,150,218,240,https://d2j6dbq0eux0bg.cloudfront.net/images/46321008/3512308307.jpg
homeware > storage,LEGO LUNCHBOX SET,557549604,https://jhbbedding.company.site/LEGO-LUNCHBOX-SET-p557549604,110,160,176,https://d2j6dbq0eux0bg.cloudfront.net/images/46321008/3623972771.jpg
homeware > storage,STATIONERY ORGANIZER A,551645291,https://jhbbedding.company.site/STATIONERY-ORGANIZER-A-p551645291,110,160,176,https://d2j6dbq0eux0bg.cloudfront.net/images/46321008/3587816987.jpg
homeware > storage,MOTIVATIONAL WATERBOTTLE SET,604888395,https://jhbbedding.company.site/MOTIVATIONAL-WATERBOTTLE-SET-p604888395,90,130,143,https://d2j6dbq0eux0bg.cloudfront.net/images/46321008/3976734832.jpg
homeware > storage,POLAR BOX LARGE,605433428,https://jhbbedding.company.site/POLAR-BOX-LARGE-p605433428,950,1378,1516,https://d2j6dbq0eux0bg.cloudfront.net/images/46321008/3982623093.jpg
homeware > storage,POLAR BOX MEDUIM,605398959,https://jhbbedding.company.site/POLAR-BOX-MEDUIM-p605398959,900,1305,1436,https://d2j6dbq0eux0bg.cloudfront.net/images/46321008/3982608173.jpg
homeware > storage,POLAR BOX SET,605454889,https://jhbbedding.company.site/POLAR-BOX-SET-p605454889,950,1378,1516,https://d2j6dbq0eux0bg.cloudfront.net/images/46321008/3982638051.jpg
homeware > storage,FOLDABLE WARDROBE,625161955,https://jhbbedding.company.site/FOLDABLE-WARDROBE-p625161955,300,435,479,https://d2j6dbq0eux0bg.cloudfront.net/images/46321008/4099818460.png
homeware > storage,GOLD MIRROR BOX,633505414,https://jhbbedding.company.site/GOLD-MIRROR-BOX-p633505414,270,392,431,https://d2j6dbq0eux0bg.cloudfront.net/images/46321008/4151892796.jpg
homeware > storage,MESH BASKETS RECTANGLE,633507133,https://jhbbedding.company.site/MESH-BASKETS-RECTANGLE-p633507133,160,232,255,https://d2j6dbq0eux0bg.cloudfront.net/images/46321008/4151844938.jpg
homeware > storage,MESH BASKETS SQUARE,633507134,https://jhbbedding.company.site/MESH-BASKETS-SQUARE-p633507134,110,160,176,https://d2j6dbq0eux0bg.cloudfront.net/images/46321008/4151896405.jpg
homeware > storage,SHOE RACK 6TIER,639965660,https://jhbbedding.company.site/SHOE-RACK-6TIER-p639965660,160,232,255,https://d2j6dbq0eux0bg.cloudfront.net/images/46321008/4196607928.jpg
homeware > storage,3 TIER STORAGE TROLLEY,660824855,https://jhbbedding.company.site/3-TIER-STORAGE-TROLLEY-p660824855,260,377,415,https://d2j6dbq0eux0bg.cloudfront.net/images/46321008/4342928395.jpg
homeware > storage,4 TIER BATHROOM RACK,560857385,https://jhbbedding.company.site/4-TIER-BATHROOM-RACK-p560857385,190,276,304,https://d2j6dbq0eux0bg.cloudfront.net/images/46321008/3647473749.jpg
homeware > storage,MULTIFUNCTIONAL STORAGE RACK,632732370,https://jhbbedding.company.site/MULTIFUNCTIONAL-STORAGE-RACK-p632732370,130,188,207,https://d2j6dbq0eux0bg.cloudfront.net/images/46321008/4147301675.jpg
homeware > storage,ROTATING 3TIER STORAGE RACK,598364319,https://jhbbedding.company.site/ROTATING-3TIER-STORAGE-RACK-p598364319,380,551,606,https://d2j6dbq0eux0bg.cloudfront.net/images/46321008/3938345490.jpg
homeware > storage,STORAGE CONTAINER 7P,566224753,https://jhbbedding.company.site/STORAGE-CONTAINER-7P-p566224753,250,362,398,https://d2j6dbq0eux0bg.cloudfront.net/images/46321008/3697983331.jpg
homeware > storage,CORNER STORAGE STAND,691038607,https://jhbbedding.company.site/CORNER-STORAGE-STAND-p691038607,200,290,319,https://d2j6dbq0eux0bg.cloudfront.net/images/46321008/4506808924.jpg
homeware > storage,PLASTIC STORAGE RACK,660824422,https://jhbbedding.company.site/PLASTIC-STORAGE-RACK-p660824422,80,116,128,https://d2j6dbq0eux0bg.cloudfront.net/images/46321008/4342994069.jpg
homeware > storage,COSMETIC STORAGE DOUBLE DOOR,694577363,https://jhbbedding.company.site/COSMETIC-STORAGE-DOUBLE-DOOR-p694577363,150,218,240,https://d2j6dbq0eux0bg.cloudfront.net/images/46321008/4532728847.jpg
homeware > storage,COSMETIC STORAGE PAW PRINT,694581095,https://jhbbedding.company.site/COSMETIC-STORAGE-PAW-PRINT-p694581095,100,145,160,https://d2j6dbq0eux0bg.cloudfront.net/images/46321008/4532738581.jpg
homeware > storage,COSMETIC STORAGE WITH MIRROR,694581102,https://jhbbedding.company.site/COSMETIC-STORAGE-WITH-MIRROR-p694581102,110,160,176,https://d2j6dbq0eux0bg.cloudfront.net/images/46321008/4532733110.jpg
homeware > storage,TEDDY SHELF,694575182,https://jhbbedding.company.site/TEDDY-SHELF-p694575182,120,174,191,https://d2j6dbq0eux0bg.cloudfront.net/images/46321008/4532728906.jpg
homeware > storage,FLOATING SHELVES,698369016,https://jhbbedding.company.site/FLOATING-SHELVES-p698369016,80,116,128,https://d2j6dbq0eux0bg.cloudfront.net/images/46321008/4557520260.jpg
homeware > storage,GOBLET ORGANIZER,698375001,https://jhbbedding.company.site/GOBLET-ORGANIZER-p698375001,50,72,79,https://d2j6dbq0eux0bg.cloudfront.net/images/46321008/4557517102.jpg
homeware > storage,CORNER FLOATING SHELF,698357635,https://jhbbedding.company.site/CORNER-FLOATING-SHELF-p698357635,100,145,160,https://d2j6dbq0eux0bg.cloudfront.net/images/46321008/4557529386.jpg
homeware > storage,STATIONERY ORGANIZER GC42,704640072,https://jhbbedding.company.site/STATIONERY-ORGANIZER-GC42-p704640072,80,116,128,https://d2j6dbq0eux0bg.cloudfront.net/images/46321008/4605295897.jpg
homeware > storage,STATIONERY ORGANIZER GC35,704640073,https://jhbbedding.company.site/STATIONERY-ORGANIZER-GC35-p704640073,120,174,191,https://d2j6dbq0eux0bg.cloudfront.net/images/46321008/4605295917.jpg
homeware > decor,CANDLE HOLDER 2PIECE,488449069,https://jhbbedding.company.site/CANDLE-HOLDER-2PIECE-p488449069,110,160,176,https://d2j6dbq0eux0bg.cloudfront.net/images/46321008/3199676471.jpg
homeware > decor,DIAMANTE CENTRE PIECE,464862010,https://jhbbedding.company.site/DIAMANTE-CENTRE-PIECE-p464862010,300,435,479,https://d2j6dbq0eux0bg.cloudfront.net/images/46321008/3068716526.jpg
homeware > decor,GOLD 5ARM LONG CANDLE HOLDER,371049642,https://jhbbedding.company.site/GOLD-5ARM-LONG-CANDLE-HOLDER-p371049642,440,638,702,https://d2j6dbq0eux0bg.cloudfront.net/images/46321008/2375515297.jpg
homeware > decor,GOLD CANDLE HOLDER,381604312,https://jhbbedding.company.site/GOLD-CANDLE-HOLDER-p381604312,150,218,240,https://d2j6dbq0eux0bg.cloudfront.net/images/46321008/2454554143.jpg
homeware > decor,GOLD GLASS CANDLE HOLDER,358235506,https://jhbbedding.company.site/GOLD-GLASS-CANDLE-HOLDER-p358235506,320,464,510,https://d2j6dbq0eux0bg.cloudfront.net/images/46321008/2292021640.jpg
homeware > decor,DIAMANTE MIRROR TRAY,464860266,https://jhbbedding.company.site/DIAMANTE-MIRROR-TRAY-p464860266,230,334,367,https://d2j6dbq0eux0bg.cloudfront.net/images/46321008/3068705621.jpg
homeware > decor,GOLD DIAMANTE MIRROR TRAY SET,558886809,https://jhbbedding.company.site/GOLD-DIAMANTE-MIRROR-TRAY-SET-p558886809,510,740,814,https://d2j6dbq0eux0bg.cloudfront.net/images/46321008/3634038582.png
homeware > decor,SILVER MIRROR TRAY SET,596585144,https://jhbbedding.company.site/SILVER-MIRROR-TRAY-SET-p596585144,300,435,479,https://d2j6dbq0eux0bg.cloudfront.net/images/46321008/3927967692.jpg
homeware > decor,MARBLE TRAY ROSE&WHITE,539397832,https://jhbbedding.company.site/MARBLE-TRAY-ROSE&WHITE-p539397832,280,406,447,https://d2j6dbq0eux0bg.cloudfront.net/images/46321008/3512326810.jpg
homeware > decor,MARBLE TRAY SET BLACK/ GOLD,360267107,https://jhbbedding.company.site/MARBLE-TRAY-SET-BLACK-GOLD-p360267107,300,435,479,https://d2j6dbq0eux0bg.cloudfront.net/images/46321008/2309564721.jpg
homeware > decor,WOOD TRAY SET,596571732,https://jhbbedding.company.site/WOOD-TRAY-SET-p596571732,300,435,479,https://d2j6dbq0eux0bg.cloudfront.net/images/46321008/3927969050.jpg
homeware > decor,MARBLE RECTANGLE TRAYS,368150543,https://jhbbedding.company.site/MARBLE-RECTANGLE-TRAYS-p368150543,200,290,319,https://d2j6dbq0eux0bg.cloudfront.net/images/46321008/2357315201.jpg
homeware > decor,ROUND LOOPED MIRROR TRAY,497347890,https://jhbbedding.company.site/ROUND-LOOPED-MIRROR-TRAY-p497347890,350,508,559,https://d2j6dbq0eux0bg.cloudfront.net/images/46321008/3255958843.jpg
homeware > decor,GOLD MIRROR BOX,633505414,https://jhbbedding.company.site/GOLD-MIRROR-BOX-p633505414,270,392,431,https://d2j6dbq0eux0bg.cloudfront.net/images/46321008/4151892796.jpg
homeware > decor,MIRROR CLOCK SET 3PIECE,514961809,https://jhbbedding.company.site/MIRROR-CLOCK-SET-3PIECE-p514961809,150,218,240,https://d2j6dbq0eux0bg.cloudfront.net/images/46321008/3362033651.jpg
homeware > decor,MESH BASKETS RECTANGLE,633507133,https://jhbbedding.company.site/MESH-BASKETS-RECTANGLE-p633507133,160,232,255,https://d2j6dbq0eux0bg.cloudfront.net/images/46321008/4151844938.jpg
homeware > decor,MESH BASKETS SQUARE,633507134,https://jhbbedding.company.site/MESH-BASKETS-SQUARE-p633507134,110,160,176,https://d2j6dbq0eux0bg.cloudfront.net/images/46321008/4151896405.jpg
homeware > decor,LARGE DIY CLOCKS,701977180,https://jhbbedding.company.site/LARGE-DIY-CLOCKS-p701977180,180,261,287,https://d2j6dbq0eux0bg.cloudfront.net/images/46321008/4587626196.jpg
other > curtains,COIL BEDROOM COMBO,513836180,https://jhbbedding.company.site/COIL-BEDROOM-COMBO-p513836180,600,870,957,https://d2j6dbq0eux0bg.cloudfront.net/images/46321008/3487223034.png
other > curtains,COUCH COVER COMBO,524910461,https://jhbbedding.company.site/COUCH-COVER-COMBO-p524910461,750,1088,1197,https://d2j6dbq0eux0bg.cloudfront.net/images/46321008/3427504423.jpg
other > curtains,COIL BEDROOM COMBO 3D,490824723,https://jhbbedding.company.site/COIL-BEDROOM-COMBO-3D-p490824723,800,1160,1276,https://d2j6dbq0eux0bg.cloudfront.net/images/46321008/3214048685.jpg
other > curtains,DIAMOND CURTAIN SET- DUCK EGG,514590644,https://jhbbedding.company.site/DIAMOND-CURTAIN-SET-DUCK-EGG-p514590644,350,508,559,https://d2j6dbq0eux0bg.cloudfront.net/images/46321008/3921472744.jpg
other > curtains,DIAMOND CURTAIN SET 5M,518022653,https://jhbbedding.company.site/DIAMOND-CURTAIN-SET-5M-p518022653,450,652,717,https://d2j6dbq0eux0bg.cloudfront.net/images/46321008/3376965831.jpg
other > curtains,FOREST CURTAIN SET 3M,513636793,https://jhbbedding.company.site/FOREST-CURTAIN-SET-3M-p513636793,350,508,559,https://d2j6dbq0eux0bg.cloudfront.net/images/46321008/3353191973.jpg
other > curtains,GLAMOR CURTAIN SET GOLD,540737535,https://jhbbedding.company.site/GLAMOR-CURTAIN-SET-GOLD-p540737535,300,435,479,https://d2j6dbq0eux0bg.cloudfront.net/images/46321008/3520361946.jpg
other > curtains,HERMANUS CURTAIN SET SILVER,540736545,https://jhbbedding.company.site/HERMANUS-CURTAIN-SET-SILVER-p540736545,300,435,479,https://d2j6dbq0eux0bg.cloudfront.net/images/46321008/3520452060.jpg
other > curtains,LUNA CURTAIN SET,540966751,https://jhbbedding.company.site/LUNA-CURTAIN-SET-p540966751,300,435,479,https://d2j6dbq0eux0bg.cloudfront.net/images/46321008/3521180004.jpg
other > curtains,MADISON CURTAIN SET 3M,518029256,https://jhbbedding.company.site/MADISON-CURTAIN-SET-3M-p518029256,300,435,479,https://d2j6dbq0eux0bg.cloudfront.net/images/46321008/3376952626.jpg
other > curtains,MAGNETIC BALL TIE BACK,540743552,https://jhbbedding.company.site/MAGNETIC-BALL-TIE-BACK-p540743552,50,72,79,https://d2j6dbq0eux0bg.cloudfront.net/images/46321008/3520261247.jpg
other > curtains,MIDNIGHT CURTAIN SET 5M,524509765,https://jhbbedding.company.site/MIDNIGHT-CURTAIN-SET-5M-p524509765,500,725,798,https://d2j6dbq0eux0bg.cloudfront.net/images/46321008/3424755089.jpg
other > curtains,SILVER CURTAIN ROD,534929579,https://jhbbedding.company.site/SILVER-CURTAIN-ROD-p534929579,180,261,287,https://d2j6dbq0eux0bg.cloudfront.net/images/46321008/3488050280.jpg
other > curtains,TAN STRIPED CURTAIN SET- BROWN,540736546,https://jhbbedding.company.site/TAN-STRIPED-CURTAIN-SET-BROWN-p540736546,250,362,398,https://d2j6dbq0eux0bg.cloudfront.net/images/46321008/3520365394.jpg
other > curtains,VICTORIA CURTAIN SET 5M,534335752,https://jhbbedding.company.site/VICTORIA-CURTAIN-SET-5M-p534335752,450,652,717,https://d2j6dbq0eux0bg.cloudfront.net/images/46321008/3485371764.jpg
other > curtains,MERMAID CURTAIN- YELLOW BLUE,559033520,https://jhbbedding.company.site/MERMAID-CURTAIN-YELLOW-BLUE-p559033520,250,362,398,https://d2j6dbq0eux0bg.cloudfront.net/images/46321008/3985885229.jpg
other > curtains,DARBY CURTAIN SET GOLD- 3M,562421221,https://jhbbedding.company.site/DARBY-CURTAIN-SET-GOLD-3M-p562421221,300,435,479,https://d2j6dbq0eux0bg.cloudfront.net/images/46321008/3658003672.jpg
other > curtains,SALLY EYELET CURTAIN,562418981,https://jhbbedding.company.site/SALLY-EYELET-CURTAIN-p562418981,250,362,398,https://d2j6dbq0eux0bg.cloudfront.net/images/46321008/3658003682.jpg
other > curtains,COLOURFUL BLOCK LACE CURTAIN,534594108,https://jhbbedding.company.site/COLOURFUL-BLOCK-LACE-CURTAIN-p534594108,100,145,160,https://d2j6dbq0eux0bg.cloudfront.net/images/46321008/3486430241.jpg
other > curtains,FLORAL LACE CURTAIN,534573463,https://jhbbedding.company.site/FLORAL-LACE-CURTAIN-p534573463,150,218,240,https://d2j6dbq0eux0bg.cloudfront.net/images/46321008/3486421329.jpg
other > curtains,LINEAR LACE CURTAIN,534719813,https://jhbbedding.company.site/LINEAR-LACE-CURTAIN-p534719813,120,174,191,https://d2j6dbq0eux0bg.cloudfront.net/images/46321008/3487224024.jpg
other > curtains,SHEER WHITE LACE,534580130,https://jhbbedding.company.site/SHEER-WHITE-LACE-p534580130,120,174,191,https://d2j6dbq0eux0bg.cloudfront.net/images/46321008/3486393622.jpg
other > curtains,TEARDROP LACE CURTAIN,534589831,https://jhbbedding.company.site/TEARDROP-LACE-CURTAIN-p534589831,150,218,240,https://d2j6dbq0eux0bg.cloudfront.net/images/46321008/3486409511.jpg
other > curtains,CLASSIC CURTAIN SET,577052890,https://jhbbedding.company.site/CLASSIC-CURTAIN-SET-p577052890,250,362,398,https://d2j6dbq0eux0bg.cloudfront.net/images/46321008/3770364466.png
other > curtains,GLAMOUR CURTAIN SET- GREY,577789001,https://jhbbedding.company.site/GLAMOUR-CURTAIN-SET-GREY-p577789001,300,435,479,https://d2j6dbq0eux0bg.cloudfront.net/images/46321008/3853893175.jpg
other > curtains,COLOUR GRADIENT LACE- PINK,577844269,https://jhbbedding.company.site/COLOUR-GRADIENT-LACE-PINK-p577844269,120,174,191,https://d2j6dbq0eux0bg.cloudfront.net/images/46321008/3777157754.jpg
other > curtains,COLOUR GRADIENT LACE- BLUE,577843759,https://jhbbedding.company.site/COLOUR-GRADIENT-LACE-BLUE-p577843759,120,174,191,https://d2j6dbq0eux0bg.cloudfront.net/images/46321008/3777147789.jpg
other > curtains,COLOUR GRADIENT LACE- GREY,577839767,https://jhbbedding.company.site/COLOUR-GRADIENT-LACE-GREY-p577839767,120,174,191,https://d2j6dbq0eux0bg.cloudfront.net/images/46321008/3777143584.jpg
other > curtains,ICE CURTAIN SET,578138538,https://jhbbedding.company.site/ICE-CURTAIN-SET-p578138538,250,362,398,https://d2j6dbq0eux0bg.cloudfront.net/images/46321008/3779441354.jpg
other > curtains,METALLIC BLOCK OUT CURTAIN SET- SILVER,578137787,https://jhbbedding.company.site/METALLIC-BLOCK-OUT-CURTAIN-SET-SILVER-p578137787,350,508,559,https://d2j6dbq0eux0bg.cloudfront.net/images/46321008/3779461544.jpg
other > curtains,VELVET FOIL SILVER CURTAIN,578669798,https://jhbbedding.company.site/VELVET-FOIL-SILVER-CURTAIN-p578669798,500,725,798,https://d2j6dbq0eux0bg.cloudfront.net/images/46321008/3783286152.jpg
other > curtains,3D SHAPED BEDROOM COMBO,584140507,https://jhbbedding.company.site/3D-SHAPED-BEDROOM-COMBO-p584140507,720,1044,1148,https://d2j6dbq0eux0bg.cloudfront.net/images/46321008/3848095300.jpg
other > curtains,CHARCOAL MARBLE CURTAIN SET,586750751,https://jhbbedding.company.site/CHARCOAL-MARBLE-CURTAIN-SET-p586750751,800,1160,1276,https://d2j6dbq0eux0bg.cloudfront.net/images/46321008/3862797779.jpg
other > curtains,SHIMMER BROWN CURTAIN SET,586757041,https://jhbbedding.company.site/SHIMMER-BROWN-CURTAIN-SET-p586757041,300,435,479,https://d2j6dbq0eux0bg.cloudfront.net/images/46321008/3862827039.jpg
other > curtains,DIAMOND STUD CURTAIN SET 3M- CREAM,586768327,https://jhbbedding.company.site/DIAMOND-STUD-CURTAIN-SET-3M-CREAM-p586768327,350,508,559,https://d2j6dbq0eux0bg.cloudfront.net/images/46321008/3862885944.jpg
other > curtains,DIAMOND STUD CURTAIN SET 3M- GOLD,586771099,https://jhbbedding.company.site/DIAMOND-STUD-CURTAIN-SET-3M-GOLD-p586771099,300,435,479,https://d2j6dbq0eux0bg.cloudfront.net/images/46321008/3986098794.jpg
other > curtains,NAVY FOIL EYELET CURTAIN,540745772,https://jhbbedding.company.site/NAVY-FOIL-EYELET-CURTAIN-p540745772,300,435,479,https://d2j6dbq0eux0bg.cloudfront.net/images/46321008/3520452070.jpg
other > curtains,RED FOIL CURTAIN SET- 3M,586778290,https://jhbbedding.company.site/RED-FOIL-CURTAIN-SET-3M-p586778290,250,362,398,https://d2j6dbq0eux0bg.cloudfront.net/images/46321008/3862947454.jpg
other > curtains,NAVY FOIL CURTAIN SET- 3M,586778042,https://jhbbedding.company.site/NAVY-FOIL-CURTAIN-SET-3M-p586778042,350,508,559,https://d2j6dbq0eux0bg.cloudfront.net/images/46321008/3862960339.jpg
other > curtains,GOLD FOIL CURTAIN SET- 3M,586778302,https://jhbbedding.company.site/GOLD-FOIL-CURTAIN-SET-3M-p586778302,300,435,479,https://d2j6dbq0eux0bg.cloudfront.net/images/46321008/3862973524.jpg
other > curtains,MARBLE SHEER LACE 5M- SILVER,586778052,https://jhbbedding.company.site/MARBLE-SHEER-LACE-5M-SILVER-p586778052,350,508,559,https://d2j6dbq0eux0bg.cloudfront.net/images/46321008/3862969709.jpg
other > curtains,EMBLEM CURTAIN SET 5M- GREEN&GOLD,586778331,https://jhbbedding.company.site/EMBLEM-CURTAIN-SET-5M-GREEN&GOLD-p586778331,500,725,798,https://d2j6dbq0eux0bg.cloudfront.net/images/46321008/3862984684.jpg
other > curtains,STUDDED SHEER LACE CURTAIN,586778072,https://jhbbedding.company.site/STUDDED-SHEER-LACE-CURTAIN-p586778072,350,508,559,https://d2j6dbq0eux0bg.cloudfront.net/images/46321008/3862998096.jpg
other > curtains,MOTLEY CURTAIN GOLD 5M,588710479,https://jhbbedding.company.site/MOTLEY-CURTAIN-GOLD-5M-p588710479,500,725,798,https://d2j6dbq0eux0bg.cloudfront.net/images/46321008/3873983330.jpg
other > curtains,GREEN SCATTER FOIL CURTAIN SET 5M,588710194,https://jhbbedding.company.site/GREEN-SCATTER-FOIL-CURTAIN-SET-5M-p588710194,750,1088,1197,https://d2j6dbq0eux0bg.cloudfront.net/images/46321008/3875197659.jpg
other > curtains,DIAMOND STUD CURTAIN SET- CHARCOAL,588763502,https://jhbbedding.company.site/DIAMOND-STUD-CURTAIN-SET-CHARCOAL-p588763502,350,508,559,https://d2j6dbq0eux0bg.cloudfront.net/images/46321008/3874247452.jpg
other > curtains,DIAMOND STUD CURTAIN SET- DUCK EGG,588763753,https://jhbbedding.company.site/DIAMOND-STUD-CURTAIN-SET-DUCK-EGG-p588763753,300,435,479,https://d2j6dbq0eux0bg.cloudfront.net/images/46321008/3874264967.jpg
other > curtains,FLORAL OMBRE CURTAIN SET- GREY,588763666,https://jhbbedding.company.site/FLORAL-OMBRE-CURTAIN-SET-GREY-p588763666,350,508,559,https://d2j6dbq0eux0bg.cloudfront.net/images/46321008/3874263942.png
other > curtains,FOLLIATE CURTAIN SET- GREY,588795377,https://jhbbedding.company.site/FOLLIATE-CURTAIN-SET-GREY-p588795377,350,508,559,https://d2j6dbq0eux0bg.cloudfront.net/images/46321008/3874371262.png
other > curtains,DIAMOND STUD CURTAIN SET- EMERALD GREEN,588771906,https://jhbbedding.company.site/DIAMOND-STUD-CURTAIN-SET-EMERALD-GREEN-p588771906,350,508,559,https://d2j6dbq0eux0bg.cloudfront.net/images/46321008/3874316094.jpg
other > curtains,DIAMOND STUD CURTAIN SET- TURQOISE,588774976,https://jhbbedding.company.site/DIAMOND-STUD-CURTAIN-SET-TURQOISE-p588774976,300,435,479,https://d2j6dbq0eux0bg.cloudfront.net/images/46321008/3874247467.jpg
other > curtains,CHARACTER CURTAINS,350162792,https://jhbbedding.company.site/CHARACTER-CURTAINS-p350162792,250,362,398,https://d2j6dbq0eux0bg.cloudfront.net/images/46321008/3199687373.jpg
other > curtains,EMBLEM CURTAIN SET 3M- GREEN&GOLD,586778333,https://jhbbedding.company.site/EMBLEM-CURTAIN-SET-3M-GREEN&GOLD-p586778333,300,435,479,https://d2j6dbq0eux0bg.cloudfront.net/images/46321008/3862998026.jpg
other > curtains,FLORAL OMBRE CURTAIN SET- GOLD,588763667,https://jhbbedding.company.site/FLORAL-OMBRE-CURTAIN-SET-GOLD-p588763667,350,508,559,https://d2j6dbq0eux0bg.cloudfront.net/images/46321008/3874323862.jpg
other > curtains,MARBLE SHEER EYELET LACE 3M- SILVER,588708965,https://jhbbedding.company.site/MARBLE-SHEER-EYELET-LACE-3M-SILVER-p588708965,200,290,319,https://d2j6dbq0eux0bg.cloudfront.net/images/46321008/3873921566.jpg
other > curtains,DIAMOND CURTAIN SET- GOLD,595709751,https://jhbbedding.company.site/DIAMOND-CURTAIN-SET-GOLD-p595709751,300,435,479,https://d2j6dbq0eux0bg.cloudfront.net/images/46321008/3921908260.jpg
other > curtains,DIAMOND CURTAIN SET- SILVER,595700047,https://jhbbedding.company.site/DIAMOND-CURTAIN-SET-SILVER-p595700047,300,435,479,https://d2j6dbq0eux0bg.cloudfront.net/images/46321008/3921832343.jpg
other > curtains,CURTAIN ACCESSORIES- BRASS HOOKS,595700049,https://jhbbedding.company.site/CURTAIN-ACCESSORIES-BRASS-HOOKS-p595700049,35,51,56,https://d2j6dbq0eux0bg.cloudfront.net/images/46321008/3921515372.jpg
homeware > furniture,INFLATABLE LOUNGE CHAIR,625195552,https://jhbbedding.company.site/INFLATABLE-LOUNGE-CHAIR-p625195552,350,508,559,https://d2j6dbq0eux0bg.cloudfront.net/images/46321008/4099896156.jpg
homeware > furniture,ADJUSTABLE TABLE,698336971,https://jhbbedding.company.site/ADJUSTABLE-TABLE-p698336971,280,406,447,https://d2j6dbq0eux0bg.cloudfront.net/images/46321008/4557529180.jpg
homeware > furniture,FOLDABLE TABLE BLACK,698357630,https://jhbbedding.company.site/FOLDABLE-TABLE-BLACK-p698357630,550,798,878,https://d2j6dbq0eux0bg.cloudfront.net/images/46321008/4557543002.jpg
homeware > furniture,DAY BED- GREY,701971499,https://jhbbedding.company.site/DAY-BED-GREY-p701971499,700,1015,1116,https://d2j6dbq0eux0bg.cloudfront.net/images/46321008/4587622739.jpg
homeware > furniture,WOODEN SIDE TABLE,701971749,https://jhbbedding.company.site/WOODEN-SIDE-TABLE-p701971749,120,174,191,https://d2j6dbq0eux0bg.cloudfront.net/images/46321008/4587653574.jpg
homeware > furniture,CORNER FLOATING SHELF,698357635,https://jhbbedding.company.site/CORNER-FLOATING-SHELF-p698357635,100,145,160,https://d2j6dbq0eux0bg.cloudfront.net/images/46321008/4557529386.jpg
homeware > furniture,TEDDY SHELF,694575182,https://jhbbedding.company.site/TEDDY-SHELF-p694575182,120,174,191,https://d2j6dbq0eux0bg.cloudfront.net/images/46321008/4532728906.jpg
homeware > furniture,CORNER STORAGE STAND,691038607,https://jhbbedding.company.site/CORNER-STORAGE-STAND-p691038607,200,290,319,https://d2j6dbq0eux0bg.cloudfront.net/images/46321008/4506808924.jpg
homeware > furniture,FLOATING SHELVES,698369016,https://jhbbedding.company.site/FLOATING-SHELVES-p698369016,80,116,128,https://d2j6dbq0eux0bg.cloudfront.net/images/46321008/4557520260.jpg
homeware > furniture,INFLATABLE SOFA,701978193,https://jhbbedding.company.site/INFLATABLE-SOFA-p701978193,350,508,559,https://d2j6dbq0eux0bg.cloudfront.net/images/46321008/4587655790.jpg
homeware > furniture,FOLDABLE TABLE WHITE,707178958,https://jhbbedding.company.site/FOLDABLE-TABLE-WHITE-p707178958,550,798,878,https://d2j6dbq0eux0bg.cloudfront.net/images/46321008/4624807348.jpg
kitchen > appliances,RAF HAND HANGING IRON MACHINE,625192624,https://jhbbedding.company.site/RAF-HAND-HANGING-IRON-MACHINE-p625192624,300,435,479,https://d2j6dbq0eux0bg.cloudfront.net/images/46321008/4099831441.jpg
kitchen > appliances,4IN1 STEAMER,625195551,https://jhbbedding.company.site/4IN1-STEAMER-p625195551,150,218,240,https://d2j6dbq0eux0bg.cloudfront.net/images/46321008/4099896121.jpg
kitchen > appliances,RAF GARMENT STEAMER,562776012,https://jhbbedding.company.site/RAF-GARMENT-STEAMER-p562776012,650,942,1036,https://d2j6dbq0eux0bg.cloudfront.net/images/46321008/3662094260.jpg
kitchen > appliances,MINI SEWING MACHINE,666529844,https://jhbbedding.company.site/MINI-SEWING-MACHINE-p666529844,160,232,255,https://d2j6dbq0eux0bg.cloudfront.net/images/46321008/4357520812.jpg
kitchen > appliances,MINI STEAM IRON,666524608,https://jhbbedding.company.site/MINI-STEAM-IRON-p666524608,140,203,223,https://d2j6dbq0eux0bg.cloudfront.net/images/46321008/4357548171.jpg
other > heaters,5 SIDED HEATER,655838002,https://jhbbedding.company.site/5-SIDED-HEATER-p655838002,250,362,398,https://d2j6dbq0eux0bg.cloudfront.net/images/46321008/4319687727.jpg
other > heaters,CONDERE 2IN1 FAN HEATER,655933108,https://jhbbedding.company.site/CONDERE-2IN1-FAN-HEATER-p655933108,160,232,255,https://d2j6dbq0eux0bg.cloudfront.net/images/46321008/4320607744.jpg
other > heaters,CONDERE ELECTRIC HEATER,655932843,https://jhbbedding.company.site/CONDERE-ELECTRIC-HEATER-p655932843,140,203,223,https://d2j6dbq0eux0bg.cloudfront.net/images/46321008/4320606594.jpg
other > heaters,SAFY PORTABLE GAS HEATER,655923247,https://jhbbedding.company.site/SAFY-PORTABLE-GAS-HEATER-p655923247,190,276,304,https://d2j6dbq0eux0bg.cloudfront.net/images/46321008/4320614557.jpg
other > heaters,RAF FAN HEATER,655936009,https://jhbbedding.company.site/RAF-FAN-HEATER-p655936009,220,319,351,https://d2j6dbq0eux0bg.cloudfront.net/images/46321008/4320755025.jpg
other > heaters,CONDERE FIREPLACE HEATER,655955589,https://jhbbedding.company.site/CONDERE-FIREPLACE-HEATER-p655955589,900,1305,1436,https://d2j6dbq0eux0bg.cloudfront.net/images/46321008/4320763545.jpg
other > heaters,CONDERE SUN HEATER,655937247,https://jhbbedding.company.site/CONDERE-SUN-HEATER-p655937247,270,392,431,https://d2j6dbq0eux0bg.cloudfront.net/images/46321008/4320771477.jpg
other > heaters,SAFY PORTABLE GAS HEATER SQUARE,688401917,https://jhbbedding.company.site/SAFY-PORTABLE-GAS-HEATER-SQUARE-p688401917,250,362,398,https://d2j6dbq0eux0bg.cloudfront.net/images/46321008/4485757864.jpg
other > heaters,DIGIMARK BLACK FAN,690394389,https://jhbbedding.company.site/DIGIMARK-BLACK-FAN-p690394389,480,696,766,https://d2j6dbq0eux0bg.cloudfront.net/images/46321008/4501251876.jpg
other > heaters,CONDERE STEEL FAN,690419008,https://jhbbedding.company.site/CONDERE-STEEL-FAN-p690419008,480,696,766,https://d2j6dbq0eux0bg.cloudfront.net/images/46321008/4501255914.jpg
other > heaters,CONDERE MIST FAN,690394391,https://jhbbedding.company.site/CONDERE-MIST-FAN-p690394391,910,1320,1452,https://d2j6dbq0eux0bg.cloudfront.net/images/46321008/4501250976.jpg
other > heaters,SOLAR FAN 16INCH,698357603,https://jhbbedding.company.site/SOLAR-FAN-16INCH-p698357603,700,1015,1116,https://d2j6dbq0eux0bg.cloudfront.net/images/46321008/4557529310.jpg
other > heaters,ARCTIC AIR,704637067,https://jhbbedding.company.site/ARCTIC-AIR-p704637067,150,218,240,https://d2j6dbq0eux0bg.cloudfront.net/images/46321008/4605281664.jpg
kitchen > baking,GLASS MEASURING JUG,629501591,https://jhbbedding.company.site/GLASS-MEASURING-JUG-p629501591,50,72,79,https://d2j6dbq0eux0bg.cloudfront.net/images/46321008/4125043430.jpg
kitchen > baking,CERAMIC BAKEWARE SET 3 PIECE,381030908,https://jhbbedding.company.site/CERAMIC-BAKEWARE-SET-3-PIECE-p381030908,400,580,638,https://d2j6dbq0eux0bg.cloudfront.net/images/46321008/2449050435.jpg
kitchen > baking,BISCUIT MAKER,382587935,https://jhbbedding.company.site/BISCUIT-MAKER-p382587935,100,145,160,https://d2j6dbq0eux0bg.cloudfront.net/images/46321008/2462587357.jpg
kitchen > baking,RAF CAKE MAKER,625192616,https://jhbbedding.company.site/RAF-CAKE-MAKER-p625192616,250,362,398,https://d2j6dbq0eux0bg.cloudfront.net/images/46321008/4099896818.jpg
kitchen > baking,RAF HAND MIXER,562765315,https://jhbbedding.company.site/RAF-HAND-MIXER-p562765315,250,362,398,https://d2j6dbq0eux0bg.cloudfront.net/images/46321008/3661983357.jpg
kitchen > baking,SCARLETT HAND MIXER,491573974,https://jhbbedding.company.site/SCARLETT-HAND-MIXER-p491573974,100,145,160,https://d2j6dbq0eux0bg.cloudfront.net/images/46321008/3219505739.jpg
kitchen > baking,MACAROON DECOR SET,387695786,https://jhbbedding.company.site/MACAROON-DECOR-SET-p387695786,30,44,48,https://d2j6dbq0eux0bg.cloudfront.net/images/46321008/2501087689.jpg
kitchen > baking,PASTRY CUTTER,387713777,https://jhbbedding.company.site/PASTRY-CUTTER-p387713777,30,44,48,https://d2j6dbq0eux0bg.cloudfront.net/images/46321008/2501089690.jpg
kitchen > baking,SILICONE UTENSIL SET 12 PIECE,367415511,https://jhbbedding.company.site/SILICONE-UTENSIL-SET-12-PIECE-p367415511,160,232,255,https://d2j6dbq0eux0bg.cloudfront.net/images/46321008/2351644352.jpg
kitchen > baking,RAF WAFFLE MAKER,625194272,https://jhbbedding.company.site/RAF-WAFFLE-MAKER-p625194272,550,798,878,https://d2j6dbq0eux0bg.cloudfront.net/images/46321008/4099831271.jpg
kitchen > baking,SILICONE ROLLING PIN,629500106,https://jhbbedding.company.site/SILICONE-ROLLING-PIN-p629500106,110,160,176,https://d2j6dbq0eux0bg.cloudfront.net/images/46321008/4125193305.jpg
kitchen > baking,CAKE DECORATING KIT 66P,632730190,https://jhbbedding.company.site/CAKE-DECORATING-KIT-66P-p632730190,250,362,398,https://d2j6dbq0eux0bg.cloudfront.net/images/46321008/4147301545.jpg
kitchen > baking,GLASS CAKE DOME WITH STAND,632730191,https://jhbbedding.company.site/GLASS-CAKE-DOME-WITH-STAND-p632730191,290,420,462,https://d2j6dbq0eux0bg.cloudfront.net/images/46321008/4147256230.jpg
kitchen > cookware,BLACK COOKWARE SET 13P,479466351,https://jhbbedding.company.site/BLACK-COOKWARE-SET-13P-p479466351,200,290,319,https://d2j6dbq0eux0bg.cloudfront.net/images/46321008/4501278395.jpg
kitchen > cookware,DESSINI 10P COOKWARE- BLACK,381594339,https://jhbbedding.company.site/DESSINI-10P-COOKWARE-BLACK-p381594339,900,1305,1436,https://d2j6dbq0eux0bg.cloudfront.net/images/46321008/2454531822.jpg
kitchen > cookware,DOLPHIN 21PIECE COOKWARE SET,497255849,https://jhbbedding.company.site/DOLPHIN-21PIECE-COOKWARE-SET-p497255849,950,1378,1516,https://d2j6dbq0eux0bg.cloudfront.net/images/46321008/3255821578.jpg
kitchen > cookware,DOLPHIN 35PIECE COOKWARE SET,547250757,https://jhbbedding.company.site/DOLPHIN-35PIECE-COOKWARE-SET-p547250757,600,870,957,https://d2j6dbq0eux0bg.cloudfront.net/images/46321008/3558796818.jpg
kitchen > cookware,DOLPHIN 8PIECE COOKWARE SET,495582948,https://jhbbedding.company.site/DOLPHIN-8PIECE-COOKWARE-SET-p495582948,350,508,559,https://d2j6dbq0eux0bg.cloudfront.net/images/46321008/3247385091.jpg
kitchen > cookware,DOLPHIN COOKWARE 15P STAINLESS STEEL,303646769,https://jhbbedding.company.site/DOLPHIN-COOKWARE-15P-STAINLESS-STEEL-p303646769,500,725,798,https://d2j6dbq0eux0bg.cloudfront.net/images/46321008/2050466776.jpg
kitchen > cookware,KITCHEN COMBO 01,491822060,https://jhbbedding.company.site/KITCHEN-COMBO-01-p491822060,800,1160,1276,https://d2j6dbq0eux0bg.cloudfront.net/images/46321008/3221029301.jpg
kitchen > cookware,OVAL CAST IRON CASSEROLE,555252036,https://jhbbedding.company.site/OVAL-CAST-IRON-CASSEROLE-p555252036,900,1305,1436,https://d2j6dbq0eux0bg.cloudfront.net/images/46321008/3607577875.png
kitchen > cookware,MULTI GRIDDLE PAN,512553891,https://jhbbedding.company.site/MULTI-GRIDDLE-PAN-p512553891,270,392,431,https://d2j6dbq0eux0bg.cloudfront.net/images/46321008/3344481143.jpg
kitchen > cookware,SILVER CREST RICE COOKER,486390917,https://jhbbedding.company.site/SILVER-CREST-RICE-COOKER-p486390917,400,580,638,https://d2j6dbq0eux0bg.cloudfront.net/images/46321008/4501278064.jpg
kitchen > cookware,BBQ SHABU GRILL,557549114,https://jhbbedding.company.site/BBQ-SHABU-GRILL-p557549114,400,580,638,https://d2j6dbq0eux0bg.cloudfront.net/images/46321008/3623891094.jpg
kitchen > cookware,CONVECTION OVEN,512547193,https://jhbbedding.company.site/CONVECTION-OVEN-p512547193,800,1160,1276,https://d2j6dbq0eux0bg.cloudfront.net/images/46321008/3344422748.jpg
kitchen > cookware,AIRFRYER 15LITRES,460468363,https://jhbbedding.company.site/AIRFRYER-15LITRES-p460468363,850,1232,1355,https://d2j6dbq0eux0bg.cloudfront.net/images/46321008/3833817754.jpg
kitchen > cookware,RAF ELECTRIC PAN,551648541,https://jhbbedding.company.site/RAF-ELECTRIC-PAN-p551648541,400,580,638,https://d2j6dbq0eux0bg.cloudfront.net/images/46321008/3587350629.jpg
kitchen > cookware,GRILLING PAN 5IN1,491822560,https://jhbbedding.company.site/GRILLING-PAN-5IN1-p491822560,350,508,559,https://d2j6dbq0eux0bg.cloudfront.net/images/46321008/3221012116.jpg
kitchen > cookware,HEART CREPE PAN,528624877,https://jhbbedding.company.site/HEART-CREPE-PAN-p528624877,140,203,223,https://d2j6dbq0eux0bg.cloudfront.net/images/46321008/3447108659.jpg
kitchen > cookware,GRANITE COOKWARE SET 10P,573367433,https://jhbbedding.company.site/GRANITE-COOKWARE-SET-10P-p573367433,950,1378,1516,https://d2j6dbq0eux0bg.cloudfront.net/images/46321008/3745144111.jpg
kitchen > cookware,CREPE PAN 4 HOLE,573575745,https://jhbbedding.company.site/CREPE-PAN-4-HOLE-p573575745,140,203,223,https://d2j6dbq0eux0bg.cloudfront.net/images/46321008/3748651136.jpg
kitchen > cookware,SHABU BAKING GRILL,573600692,https://jhbbedding.company.site/SHABU-BAKING-GRILL-p573600692,800,1160,1276,https://d2j6dbq0eux0bg.cloudfront.net/images/46321008/3748668951.jpg
kitchen > cookware,CREPE PAN 7 HOLE,573691040,https://jhbbedding.company.site/CREPE-PAN-7-HOLE-p573691040,190,276,304,https://d2j6dbq0eux0bg.cloudfront.net/images/46321008/3748676742.jpg
kitchen > cookware,PRESSURE COOKER,581148312,https://jhbbedding.company.site/PRESSURE-COOKER-p581148312,700,1015,1116,https://d2j6dbq0eux0bg.cloudfront.net/images/46321008/3812431582.jpg
kitchen > cookware,DESSINI GREEN COOKWARE SET,581145862,https://jhbbedding.company.site/DESSINI-GREEN-COOKWARE-SET-p581145862,800,1160,1276,https://d2j6dbq0eux0bg.cloudfront.net/images/46321008/3812437354.jpg
kitchen > cookware,SILVERCREST AIRFRYER 8L,513354365,https://jhbbedding.company.site/SILVERCREST-AIRFRYER-8L-p513354365,650,942,1036,https://d2j6dbq0eux0bg.cloudfront.net/images/46321008/3351749322.jpg
kitchen > cookware,RAF ELECTRIC BAKING PAN,583671037,https://jhbbedding.company.site/RAF-ELECTRIC-BAKING-PAN-p583671037,300,435,479,https://d2j6dbq0eux0bg.cloudfront.net/images/46321008/3839848596.jpg
kitchen > cookware,AIRFRYER 10 LITRE,528632311,https://jhbbedding.company.site/AIRFRYER-10-LITRE-p528632311,850,1232,1355,https://d2j6dbq0eux0bg.cloudfront.net/images/46321008/3447152545.jpg
kitchen > cookware,POPCORN AND CREPE MAKER 3IN1,491826027,https://jhbbedding.company.site/POPCORN-AND-CREPE-MAKER-3IN1-p491826027,400,580,638,https://d2j6dbq0eux0bg.cloudfront.net/images/46321008/3221021505.jpg
kitchen > cookware,SILVERCREST AIRFRYER 9L,592764871,https://jhbbedding.company.site/SILVERCREST-AIRFRYER-9L-p592764871,950,1378,1516,https://d2j6dbq0eux0bg.cloudfront.net/images/46321008/3899312384.jpg
kitchen > cookware,DOLPHIN ALUMINUM COOKWARE SET 14P,629500086,https://jhbbedding.company.site/DOLPHIN-ALUMINUM-COOKWARE-SET-14P-p629500086,750,1088,1197,https://d2j6dbq0eux0bg.cloudfront.net/images/46321008/4125028211.jpg
kitchen > cookware,DOLPHIN 40P STAINLESS STEEL COOKWARE SET,629742329,https://jhbbedding.company.site/DOLPHIN-40P-STAINLESS-STEEL-COOKWARE-SET-p629742329,580,841,925,https://d2j6dbq0eux0bg.cloudfront.net/images/46321008/4127073607.jpg
kitchen > cookware,CONDERE DEEP FRYER SINGLE,660833031,https://jhbbedding.company.site/CONDERE-DEEP-FRYER-SINGLE-p660833031,500,725,798,https://d2j6dbq0eux0bg.cloudfront.net/images/46321008/4342915661.jpg
kitchen > cookware,GLASS CASSEROLE 5.5L,666524582,https://jhbbedding.company.site/GLASS-CASSEROLE-5-5L-p666524582,470,682,750,https://d2j6dbq0eux0bg.cloudfront.net/images/46321008/4357502933.jpg
kitchen > cookware,GLASS CASSEROLE 3.5L,666524583,https://jhbbedding.company.site/GLASS-CASSEROLE-3-5L-p666524583,420,609,670,https://d2j6dbq0eux0bg.cloudfront.net/images/46321008/4357501682.jpg
kitchen > cookware,GLASS CASSEROLE 4.5L,666519888,https://jhbbedding.company.site/GLASS-CASSEROLE-4-5L-p666519888,450,652,717,https://d2j6dbq0eux0bg.cloudfront.net/images/46321008/4357502963.jpg
kitchen > cookware,BLUTECH STAINLESS STEEL COOKWARE SET,678133209,https://jhbbedding.company.site/BLUTECH-STAINLESS-STEEL-COOKWARE-SET-p678133209,450,652,717,https://d2j6dbq0eux0bg.cloudfront.net/images/46321008/4418222361.jpg
kitchen > cookware,EXQUISITE COOKWARE SS 15P,690419015,https://jhbbedding.company.site/EXQUISITE-COOKWARE-SS-15P-p690419015,450,652,717,https://d2j6dbq0eux0bg.cloudfront.net/images/46321008/4501281602.jpg
kitchen > cookware,BLUTECH 10P SS COOKWARE SET,690394400,https://jhbbedding.company.site/BLUTECH-10P-SS-COOKWARE-SET-p690394400,350,508,559,https://d2j6dbq0eux0bg.cloudfront.net/images/46321008/4501281667.jpg
kitchen > cookware,ALUMINUM PRESSURE COOKER,701299208,https://jhbbedding.company.site/ALUMINUM-PRESSURE-COOKER-p701299208,430,624,686,https://d2j6dbq0eux0bg.cloudfront.net/images/46321008/4583098289.jpg
kitchen > cookware,CONDERE COOKWARE SET AL 8P,702011693,https://jhbbedding.company.site/CONDERE-COOKWARE-SET-AL-8P-p702011693,510,740,814,https://d2j6dbq0eux0bg.cloudfront.net/images/46321008/4587727479.jpg
kitchen > cookware,CONDERE COOKWARE SET SS 8P,702012984,https://jhbbedding.company.site/CONDERE-COOKWARE-SET-SS-8P-p702012984,250,362,398,https://d2j6dbq0eux0bg.cloudfront.net/images/46321008/4587744364.jpg
kitchen > cookware,CONDERE COOKWARE SET 6P SS,702010243,https://jhbbedding.company.site/CONDERE-COOKWARE-SET-6P-SS-p702010243,200,290,319,https://d2j6dbq0eux0bg.cloudfront.net/images/46321008/4587746564.jpg
kitchen > cookware,CATERING COOKWARE SET,702213309,https://jhbbedding.company.site/CATERING-COOKWARE-SET-p702213309,700,1015,1116,https://d2j6dbq0eux0bg.cloudfront.net/images/46321008/4588955081.jpg
kitchen > cookware,POTJIE POT SIZE 3,703640255,https://jhbbedding.company.site/POTJIE-POT-SIZE-3-p703640255,590,856,942,https://d2j6dbq0eux0bg.cloudfront.net/images/46321008/4598138359.jpg
kitchen > cookware,CAST IRON COOKWARE SET- SPECIAL,708625566,https://jhbbedding.company.site/CAST-IRON-COOKWARE-SET-SPECIAL-p708625566,950,1378,1516,https://d2j6dbq0eux0bg.cloudfront.net/images/46321008/4634010588.jpg
kitchen > cookware,CONDERE SS 8P COOKWARE SET,709410769,https://jhbbedding.company.site/CONDERE-SS-8P-COOKWARE-SET-p709410769,270,392,431,https://d2j6dbq0eux0bg.cloudfront.net/images/46321008/4641304790.jpg
kitchen > glassware,CLASSIC CLEAR DECANTER SET,368139590,https://jhbbedding.company.site/CLASSIC-CLEAR-DECANTER-SET-p368139590,250,362,398,https://d2j6dbq0eux0bg.cloudfront.net/images/46321008/2357292572.jpg
kitchen > glassware,DELUXE CLEAR WINE DECANTER,382587685,https://jhbbedding.company.site/DELUXE-CLEAR-WINE-DECANTER-p382587685,120,174,191,https://d2j6dbq0eux0bg.cloudfront.net/images/46321008/2462587088.jpg
kitchen > glassware,GEOMETRIC DECANTER SET- RAINBOW,464866263,https://jhbbedding.company.site/GEOMETRIC-DECANTER-SET-RAINBOW-p464866263,250,362,398,https://d2j6dbq0eux0bg.cloudfront.net/images/46321008/3068742123.jpg
kitchen > glassware,ROSE GOLD CLASSIC WINE DECANTER,315460270,https://jhbbedding.company.site/ROSE-GOLD-CLASSIC-WINE-DECANTER-p315460270,150,218,240,https://d2j6dbq0eux0bg.cloudfront.net/images/46321008/2112629290.jpg
kitchen > glassware,U SHAPE DECANTER,291040952,https://jhbbedding.company.site/U-SHAPE-DECANTER-p291040952,180,261,287,https://d2j6dbq0eux0bg.cloudfront.net/images/46321008/1967543306.jpg
kitchen > glassware,WHISKEY DECANTER,531824477,https://jhbbedding.company.site/WHISKEY-DECANTER-p531824477,80,116,128,https://d2j6dbq0eux0bg.cloudfront.net/images/46321008/3467569614.jpg
kitchen > glassware,GLASS CANISTER SET,355276800,https://jhbbedding.company.site/GLASS-CANISTER-SET-p355276800,140,203,223,https://d2j6dbq0eux0bg.cloudfront.net/images/46321008/2270684787.jpg
kitchen > glassware,GLASS TEA CUP SET GOLD,491827261,https://jhbbedding.company.site/GLASS-TEA-CUP-SET-GOLD-p491827261,210,304,334,https://d2j6dbq0eux0bg.cloudfront.net/images/46321008/3221012121.jpg
kitchen > glassware,GOLD TEA POT,389920566,https://jhbbedding.company.site/GOLD-TEA-POT-p389920566,190,276,304,https://d2j6dbq0eux0bg.cloudfront.net/images/46321008/2522094115.jpg
kitchen > glassware,TURKISH GLASS MUGS,512522164,https://jhbbedding.company.site/TURKISH-GLASS-MUGS-p512522164,100,145,160,https://d2j6dbq0eux0bg.cloudfront.net/images/46321008/3344116223.jpg
kitchen > glassware,WINE GIFT COMBO,510558899,https://jhbbedding.company.site/WINE-GIFT-COMBO-p510558899,510,740,814,https://d2j6dbq0eux0bg.cloudfront.net/images/46321008/3329373330.jpg
kitchen > glassware,MAROON METALLIC WINE GLASSES,381031695,https://jhbbedding.company.site/MAROON-METALLIC-WINE-GLASSES-p381031695,250,362,398,https://d2j6dbq0eux0bg.cloudfront.net/images/46321008/2449013592.jpg
kitchen > glassware,GLASS MILK CARTON,514870729,https://jhbbedding.company.site/GLASS-MILK-CARTON-p514870729,50,72,79,https://d2j6dbq0eux0bg.cloudfront.net/images/46321008/3362053307.jpg
kitchen > glassware,SLANTED WINE GLASSES- CLEAR,600737072,https://jhbbedding.company.site/SLANTED-WINE-GLASSES-CLEAR-p600737072,430,624,686,https://d2j6dbq0eux0bg.cloudfront.net/images/46321008/3952418872.jpg
kitchen > glassware,SLANTED WINE GLASSES- PEARL RAINBOW,600633230,https://jhbbedding.company.site/SLANTED-WINE-GLASSES-PEARL-RAINBOW-p600633230,495,718,790,https://d2j6dbq0eux0bg.cloudfront.net/images/46321008/3952411490.jpg
kitchen > glassware,SLANTED WINE GLASSES- ROSE GOLD,600704360,https://jhbbedding.company.site/SLANTED-WINE-GLASSES-ROSE-GOLD-p600704360,410,594,653,https://d2j6dbq0eux0bg.cloudfront.net/images/46321008/3952408928.jpg
kitchen > glassware,SLANTED WINE GLASSES- CHARCOAL,600704364,https://jhbbedding.company.site/SLANTED-WINE-GLASSES-CHARCOAL-p600704364,400,580,638,https://d2j6dbq0eux0bg.cloudfront.net/images/46321008/3952412661.jpg
kitchen > glassware,COLOUR GRADIENT BAMBOO GLASS SET,625161950,https://jhbbedding.company.site/COLOUR-GRADIENT-BAMBOO-GLASS-SET-p625161950,250,362,398,https://d2j6dbq0eux0bg.cloudfront.net/images/46321008/4099791977.jpg
kitchen > glassware,LATTE GLASSES,632775794,https://jhbbedding.company.site/LATTE-GLASSES-p632775794,130,188,207,https://d2j6dbq0eux0bg.cloudfront.net/images/46321008/4147256225.jpg
kitchen > glassware,GLASS CAKE DOME WITH STAND,632730191,https://jhbbedding.company.site/GLASS-CAKE-DOME-WITH-STAND-p632730191,290,420,462,https://d2j6dbq0eux0bg.cloudfront.net/images/46321008/4147256230.jpg
kitchen > glassware,DESSERT BOWLS AND PLATE SET,632702444,https://jhbbedding.company.site/DESSERT-BOWLS-AND-PLATE-SET-p632702444,220,319,351,https://d2j6dbq0eux0bg.cloudfront.net/images/46321008/4147295391.jpg
kitchen > glassware,GLASS CUP AND SAUCER SET,632730192,https://jhbbedding.company.site/GLASS-CUP-AND-SAUCER-SET-p632730192,50,72,79,https://d2j6dbq0eux0bg.cloudfront.net/images/46321008/4147301585.jpg
kitchen > glassware,GLASS BOWLS 6PIECE,633517834,https://jhbbedding.company.site/GLASS-BOWLS-6PIECE-p633517834,130,188,207,https://d2j6dbq0eux0bg.cloudfront.net/images/46321008/4151896350.jpg
kitchen > glassware,MILKSHAKE GLASSES,633505425,https://jhbbedding.company.site/MILKSHAKE-GLASSES-p633505425,140,203,223,https://d2j6dbq0eux0bg.cloudfront.net/images/46321008/4151863689.jpg
kitchen > glassware,IRISH MUGS,633507135,https://jhbbedding.company.site/IRISH-MUGS-p633507135,130,188,207,https://d2j6dbq0eux0bg.cloudfront.net/images/46321008/4151896425.jpg
kitchen > glassware,PEARL CHAMPAYNE GLASSES,651519247,https://jhbbedding.company.site/PEARL-CHAMPAYNE-GLASSES-p651519247,250,362,398,https://d2j6dbq0eux0bg.cloudfront.net/images/46321008/4288478948.jpg
kitchen > glassware,PEARL WINE GLASSES,651538176,https://jhbbedding.company.site/PEARL-WINE-GLASSES-p651538176,250,362,398,https://d2j6dbq0eux0bg.cloudfront.net/images/46321008/4288511049.jpg
kitchen > glassware,GOLD CHAMPAYNE GLASSES,651568781,https://jhbbedding.company.site/GOLD-CHAMPAYNE-GLASSES-p651568781,250,362,398,https://d2j6dbq0eux0bg.cloudfront.net/images/46321008/4288515800.jpg
kitchen > glassware,GOLD WINE GLASSES,651579268,https://jhbbedding.company.site/GOLD-WINE-GLASSES-p651579268,200,290,319,https://d2j6dbq0eux0bg.cloudfront.net/images/46321008/4288526254.png
kitchen > glassware,METALLIC WINE GLASSES GOLD,651538718,https://jhbbedding.company.site/METALLIC-WINE-GLASSES-GOLD-p651538718,350,508,559,https://d2j6dbq0eux0bg.cloudfront.net/images/46321008/4288478998.jpg
kitchen > glassware,METALLIC WINE GLASSES ROSE GOLD,651538721,https://jhbbedding.company.site/METALLIC-WINE-GLASSES-ROSE-GOLD-p651538721,350,508,559,https://d2j6dbq0eux0bg.cloudfront.net/images/46321008/4288515830.jpg
kitchen > glassware,METALLIC WINE GLASSES SILVER,651579269,https://jhbbedding.company.site/METALLIC-WINE-GLASSES-SILVER-p651579269,350,508,559,https://d2j6dbq0eux0bg.cloudfront.net/images/46321008/4288522276.jpg
homeware > storage,MOTIVATIONAL WATERBOTTLE SET,604888395,https://jhbbedding.company.site/MOTIVATIONAL-WATERBOTTLE-SET-p604888395,90,130,143,https://d2j6dbq0eux0bg.cloudfront.net/images/46321008/3976734832.jpg
homeware > storage,ROTATING 3TIER STORAGE RACK,598364319,https://jhbbedding.company.site/ROTATING-3TIER-STORAGE-RACK-p598364319,380,551,606,https://d2j6dbq0eux0bg.cloudfront.net/images/46321008/3938345490.jpg
homeware > storage,STORAGE CONTAINER 7P,566224753,https://jhbbedding.company.site/STORAGE-CONTAINER-7P-p566224753,250,362,398,https://d2j6dbq0eux0bg.cloudfront.net/images/46321008/3697983331.jpg
homeware > storage,STORAGE CONTAINERS- 6 PIECE,558002611,https://jhbbedding.company.site/STORAGE-CONTAINERS-6-PIECE-p558002611,230,334,367,https://d2j6dbq0eux0bg.cloudfront.net/images/46321008/3627139741.jpg
homeware > storage,FERRIS WHEEL SPICE RACK,629506078,https://jhbbedding.company.site/FERRIS-WHEEL-SPICE-RACK-p629506078,210,304,334,https://d2j6dbq0eux0bg.cloudfront.net/images/46321008/4125132328.jpg
homeware > storage,FRUIT RACK 2TIER,566224756,https://jhbbedding.company.site/FRUIT-RACK-2TIER-p566224756,170,246,271,https://d2j6dbq0eux0bg.cloudfront.net/images/46321008/3698022768.jpg
homeware > storage,FRUIT RACK 3TIER,573707505,https://jhbbedding.company.site/FRUIT-RACK-3TIER-p573707505,200,290,319,https://d2j6dbq0eux0bg.cloudfront.net/images/46321008/3748838511.jpg
homeware > storage,ROSE GOLD WINE RACK,510613007,https://jhbbedding.company.site/ROSE-GOLD-WINE-RACK-p510613007,220,319,351,https://d2j6dbq0eux0bg.cloudfront.net/images/46321008/3329434863.jpg
homeware > storage,MULTIFUNCTIONAL STORAGE RACK,632732370,https://jhbbedding.company.site/MULTIFUNCTIONAL-STORAGE-RACK-p632732370,130,188,207,https://d2j6dbq0eux0bg.cloudfront.net/images/46321008/4147301675.jpg
homeware > storage,MESH BASKETS RECTANGLE,633507133,https://jhbbedding.company.site/MESH-BASKETS-RECTANGLE-p633507133,160,232,255,https://d2j6dbq0eux0bg.cloudfront.net/images/46321008/4151844938.jpg
homeware > storage,MESH BASKETS SQUARE,633507134,https://jhbbedding.company.site/MESH-BASKETS-SQUARE-p633507134,110,160,176,https://d2j6dbq0eux0bg.cloudfront.net/images/46321008/4151896405.jpg
homeware > storage,PLASTIC STORAGE RACK,660824422,https://jhbbedding.company.site/PLASTIC-STORAGE-RACK-p660824422,80,116,128,https://d2j6dbq0eux0bg.cloudfront.net/images/46321008/4342994069.jpg
homeware > storage,3 TIER STORAGE TROLLEY,660824855,https://jhbbedding.company.site/3-TIER-STORAGE-TROLLEY-p660824855,260,377,415,https://d2j6dbq0eux0bg.cloudfront.net/images/46321008/4342928395.jpg
homeware > storage,CORNER STORAGE STAND,691038607,https://jhbbedding.company.site/CORNER-STORAGE-STAND-p691038607,200,290,319,https://d2j6dbq0eux0bg.cloudfront.net/images/46321008/4506808924.jpg
homeware > storage,GOBLET ORGANIZER,698375001,https://jhbbedding.company.site/GOBLET-ORGANIZER-p698375001,50,72,79,https://d2j6dbq0eux0bg.cloudfront.net/images/46321008/4557517102.jpg
homeware > storage,OVER THE SINK STORAGE UNIT,698357654,https://jhbbedding.company.site/OVER-THE-SINK-STORAGE-UNIT-p698357654,550,798,878,https://d2j6dbq0eux0bg.cloudfront.net/images/46321008/4557556836.jpg
homeware > storage,ROSE GOLD PINEAPPLE FRUIT BOWL,387696292,https://jhbbedding.company.site/ROSE-GOLD-PINEAPPLE-FRUIT-BOWL-p387696292,50,72,79,https://d2j6dbq0eux0bg.cloudfront.net/images/46321008/2501082477.jpg
kitchen > airfryers,AIRFRYER- 8L GLASS WINDOW,528617226,https://jhbbedding.company.site/AIRFRYER-8L-GLASS-WINDOW-p528617226,800,1160,1276,https://d2j6dbq0eux0bg.cloudfront.net/images/46321008/3799904161.jpg
kitchen > airfryers,AIRFRYER 15LITRES,460468363,https://jhbbedding.company.site/AIRFRYER-15LITRES-p460468363,850,1232,1355,https://d2j6dbq0eux0bg.cloudfront.net/images/46321008/3833817754.jpg
kitchen > airfryers,AIRFRYER COMBO- BASIC,497459039,https://jhbbedding.company.site/AIRFRYER-COMBO-BASIC-p497459039,650,942,1036,https://d2j6dbq0eux0bg.cloudfront.net/images/46321008/3897476174.jpg
kitchen > airfryers,AIRFRYER KIT,548955540,https://jhbbedding.company.site/AIRFRYER-KIT-p548955540,300,435,479,https://d2j6dbq0eux0bg.cloudfront.net/images/46321008/4649272192.jpg
kitchen > airfryers,AIRFRYER KIT COMBO,549323239,https://jhbbedding.company.site/AIRFRYER-KIT-COMBO-p549323239,950,1378,1516,https://d2j6dbq0eux0bg.cloudfront.net/images/46321008/3573159301.png
kitchen > airfryers,AIRFRYER 10 LITRE,528632311,https://jhbbedding.company.site/AIRFRYER-10-LITRE-p528632311,850,1232,1355,https://d2j6dbq0eux0bg.cloudfront.net/images/46321008/3447152545.jpg
kitchen > airfryers,AIRFRYER LINERS,491822557,https://jhbbedding.company.site/AIRFRYER-LINERS-p491822557,50,72,79,https://d2j6dbq0eux0bg.cloudfront.net/images/46321008/3221021768.jpg
kitchen > airfryers,AIRFRYER MATTE- 8L,483255069,https://jhbbedding.company.site/AIRFRYER-MATTE-8L-p483255069,800,1160,1276,https://d2j6dbq0eux0bg.cloudfront.net/images/46321008/3171039508.jpg
kitchen > airfryers,AIRFRYER 6L BLACK,467868844,https://jhbbedding.company.site/AIRFRYER-6L-BLACK-p467868844,550,798,878,https://d2j6dbq0eux0bg.cloudfront.net/images/46321008/3833827007.jpg
kitchen > airfryers,SILVERCREST AIRFRYER 8L,513354365,https://jhbbedding.company.site/SILVERCREST-AIRFRYER-8L-p513354365,650,942,1036,https://d2j6dbq0eux0bg.cloudfront.net/images/46321008/3351749322.jpg
kitchen > airfryers,SILICONE AIRFRYER LINERS,573567096,https://jhbbedding.company.site/SILICONE-AIRFRYER-LINERS-p573567096,40,58,64,https://d2j6dbq0eux0bg.cloudfront.net/images/46321008/3747746917.jpg
kitchen > airfryers,SILVERCREST AIRFRYER 9L,592764871,https://jhbbedding.company.site/SILVERCREST-AIRFRYER-9L-p592764871,950,1378,1516,https://d2j6dbq0eux0bg.cloudfront.net/images/46321008/3899312384.jpg
kitchen > airfryers,AIRFRYER 6L GLASS,637397660,https://jhbbedding.company.site/AIRFRYER-6L-GLASS-p637397660,700,1015,1116,https://d2j6dbq0eux0bg.cloudfront.net/images/46321008/4182126889.jpg
kitchen > airfryers,AIRFRYER 12L- BLACK&GOLD,684310358,https://jhbbedding.company.site/AIRFRYER-12L-BLACK&GOLD-p684310358,950,1378,1516,https://d2j6dbq0eux0bg.cloudfront.net/images/46321008/4454041874.jpg
kitchen > airfryers,CONDERE AIRFRYER 12L,684314062,https://jhbbedding.company.site/CONDERE-AIRFRYER-12L-p684314062,850,1232,1355,https://d2j6dbq0eux0bg.cloudfront.net/images/46321008/4454050883.jpg
kitchen > airfryers,RAF 14L AIRFRYER,688519202,https://jhbbedding.company.site/RAF-14L-AIRFRYER-p688519202,850,1232,1355,https://d2j6dbq0eux0bg.cloudfront.net/images/46321008/4486325732.jpg
kitchen > airfryers,SILVERCREST 6L AIRFRYER- GREEN,688540112,https://jhbbedding.company.site/SILVERCREST-6L-AIRFRYER-GREEN-p688540112,520,754,829,https://d2j6dbq0eux0bg.cloudfront.net/images/46321008/4486357540.jpg
kitchen > airfryers,CONDERE 8L AIRFRYER- WHITE,701977178,https://jhbbedding.company.site/CONDERE-8L-AIRFRYER-WHITE-p701977178,650,942,1036,https://d2j6dbq0eux0bg.cloudfront.net/images/46321008/4587653554.jpg
kitchen > serveware,BAMBOO PARTY PLATTER,551650040,https://jhbbedding.company.site/BAMBOO-PARTY-PLATTER-p551650040,500,725,798,https://d2j6dbq0eux0bg.cloudfront.net/images/46321008/3587969454.jpg
kitchen > serveware,BAMBOO ROTATING PLATTER SET,551645293,https://jhbbedding.company.site/BAMBOO-ROTATING-PLATTER-SET-p551645293,300,435,479,https://d2j6dbq0eux0bg.cloudfront.net/images/46321008/3588113519.jpg
kitchen > serveware,WOODEN CHEESE BOARD SET 02,551645292,https://jhbbedding.company.site/WOODEN-CHEESE-BOARD-SET-02-p551645292,150,218,240,https://d2j6dbq0eux0bg.cloudfront.net/images/46321008/3587816990.jpg
kitchen > serveware,PLASTIC CHEESE BOARD SET,511678165,https://jhbbedding.company.site/PLASTIC-CHEESE-BOARD-SET-p511678165,80,116,128,https://d2j6dbq0eux0bg.cloudfront.net/images/46321008/3336949449.jpg
kitchen > serveware,WOODEN CHEESE BOARD SET- 3PIECE,551636309,https://jhbbedding.company.site/WOODEN-CHEESE-BOARD-SET-3PIECE-p551636309,120,174,191,https://d2j6dbq0eux0bg.cloudfront.net/images/46321008/3587969419.jpg
kitchen > serveware,WOODEN CHEESE BOARD SET 01,548949286,https://jhbbedding.company.site/WOODEN-CHEESE-BOARD-SET-01-p548949286,250,362,398,https://d2j6dbq0eux0bg.cloudfront.net/images/46321008/3588034650.jpg
kitchen > serveware,DIAMANTE MIRROR TRAY,464860266,https://jhbbedding.company.site/DIAMANTE-MIRROR-TRAY-p464860266,230,334,367,https://d2j6dbq0eux0bg.cloudfront.net/images/46321008/3068705621.jpg
kitchen > serveware,MARBLE TRAY ROSE&WHITE,539397832,https://jhbbedding.company.site/MARBLE-TRAY-ROSE&WHITE-p539397832,280,406,447,https://d2j6dbq0eux0bg.cloudfront.net/images/46321008/3512326810.jpg
kitchen > serveware,MARBLE TRAY SET BLACK/ GOLD,360267107,https://jhbbedding.company.site/MARBLE-TRAY-SET-BLACK-GOLD-p360267107,300,435,479,https://d2j6dbq0eux0bg.cloudfront.net/images/46321008/2309564721.jpg
kitchen > serveware,CERAMIC PLATTER,512458933,https://jhbbedding.company.site/CERAMIC-PLATTER-p512458933,20,29,32,https://d2j6dbq0eux0bg.cloudfront.net/images/46321008/3343956900.jpg
kitchen > serveware,DANNY HOME DINNERWARE,529162027,https://jhbbedding.company.site/DANNY-HOME-DINNERWARE-p529162027,650,942,1036,https://d2j6dbq0eux0bg.cloudfront.net/images/46321008/3450807078.jpg
kitchen > serveware,WHITE SQUARE DINNER SET,289121470,https://jhbbedding.company.site/WHITE-SQUARE-DINNER-SET-p289121470,450,652,717,https://d2j6dbq0eux0bg.cloudfront.net/images/46321008/1955477529.jpg
kitchen > serveware,MARBLE RECTANGLE TRAYS,368150543,https://jhbbedding.company.site/MARBLE-RECTANGLE-TRAYS-p368150543,200,290,319,https://d2j6dbq0eux0bg.cloudfront.net/images/46321008/2357315201.jpg
kitchen > serveware,PARIS PLASTIC ROUND TRAY,368144825,https://jhbbedding.company.site/PARIS-PLASTIC-ROUND-TRAY-p368144825,25,36,40,https://d2j6dbq0eux0bg.cloudfront.net/images/46321008/2357343387.jpg
kitchen > serveware,ROUND LOOPED MIRROR TRAY,497347890,https://jhbbedding.company.site/ROUND-LOOPED-MIRROR-TRAY-p497347890,350,508,559,https://d2j6dbq0eux0bg.cloudfront.net/images/46321008/3255958843.jpg
kitchen > serveware,GOLD DIAMANTE MIRROR TRAY SET,558886809,https://jhbbedding.company.site/GOLD-DIAMANTE-MIRROR-TRAY-SET-p558886809,510,740,814,https://d2j6dbq0eux0bg.cloudfront.net/images/46321008/3634038582.png
kitchen > serveware,DOUBLE CHAFTING DISH,690419012,https://jhbbedding.company.site/DOUBLE-CHAFTING-DISH-p690419012,270,392,431,https://d2j6dbq0eux0bg.cloudfront.net/images/46321008/4501270579.jpg
kitchen > serveware,SINGLE CHAFTING DISH,690394396,https://jhbbedding.company.site/SINGLE-CHAFTING-DISH-p690394396,280,406,447,https://d2j6dbq0eux0bg.cloudfront.net/images/46321008/4501264941.jpg
kitchen > serveware,CERAMIC BAKEWARE SET 3 PIECE,381030908,https://jhbbedding.company.site/CERAMIC-BAKEWARE-SET-3-PIECE-p381030908,400,580,638,https://d2j6dbq0eux0bg.cloudfront.net/images/46321008/2449050435.jpg
kitchen > serveware,COLOUR GRADIENT BAKEWARE SET,688401908,https://jhbbedding.company.site/COLOUR-GRADIENT-BAKEWARE-SET-p688401908,350,508,559,https://d2j6dbq0eux0bg.cloudfront.net/images/46321008/4485733714.jpg
kitchen > serveware,SALAD BOWL SET,688837315,https://jhbbedding.company.site/SALAD-BOWL-SET-p688837315,250,362,398,https://d2j6dbq0eux0bg.cloudfront.net/images/46321008/4488362757.jpg
kitchen > serveware,TRIPLE CHAFTING DISH,690392743,https://jhbbedding.company.site/TRIPLE-CHAFTING-DISH-p690392743,330,478,526,https://d2j6dbq0eux0bg.cloudfront.net/images/46321008/4501281861.jpg
kitchen > serveware,CERAMIC CASSEROLE SET,701978190,https://jhbbedding.company.site/CERAMIC-CASSEROLE-SET-p701978190,320,464,510,https://d2j6dbq0eux0bg.cloudfront.net/images/46321008/4587653604.jpg
kitchen > serveware,ROUND CHAFTING DISH,703640505,https://jhbbedding.company.site/ROUND-CHAFTING-DISH-p703640505,350,508,559,https://d2j6dbq0eux0bg.cloudfront.net/images/46321008/4598141659.jpg
kitchen > appliances,SILVERCREST GLASS BLENDER 1.5L,551650039,https://jhbbedding.company.site/SILVERCREST-GLASS-BLENDER-1-5L-p551650039,400,580,638,https://d2j6dbq0eux0bg.cloudfront.net/images/46321008/3588023352.jpg
kitchen > appliances,SILVER CREST RICE COOKER,486390917,https://jhbbedding.company.site/SILVER-CREST-RICE-COOKER-p486390917,400,580,638,https://d2j6dbq0eux0bg.cloudfront.net/images/46321008/4501278064.jpg
kitchen > appliances,BBQ SHABU GRILL,557549114,https://jhbbedding.company.site/BBQ-SHABU-GRILL-p557549114,400,580,638,https://d2j6dbq0eux0bg.cloudfront.net/images/46321008/3623891094.jpg
kitchen > appliances,AIRFRYER- 8L GLASS WINDOW,528617226,https://jhbbedding.company.site/AIRFRYER-8L-GLASS-WINDOW-p528617226,800,1160,1276,https://d2j6dbq0eux0bg.cloudfront.net/images/46321008/3799904161.jpg
kitchen > appliances,AIRFRYER 10 LITRE,528632311,https://jhbbedding.company.site/AIRFRYER-10-LITRE-p528632311,850,1232,1355,https://d2j6dbq0eux0bg.cloudfront.net/images/46321008/3447152545.jpg
kitchen > appliances,AIRFRYER 15LITRES,460468363,https://jhbbedding.company.site/AIRFRYER-15LITRES-p460468363,850,1232,1355,https://d2j6dbq0eux0bg.cloudfront.net/images/46321008/3833817754.jpg
kitchen > appliances,HAEGAR ELECTRIC KETTLE,507367207,https://jhbbedding.company.site/HAEGAR-ELECTRIC-KETTLE-p507367207,100,145,160,https://d2j6dbq0eux0bg.cloudfront.net/images/46321008/3309444651.jpg
kitchen > appliances,HAEGAR COFFEE MAKER,512563518,https://jhbbedding.company.site/HAEGAR-COFFEE-MAKER-p512563518,400,580,638,https://d2j6dbq0eux0bg.cloudfront.net/images/46321008/3344499038.jpg
kitchen > appliances,RAF ELECTRIC PAN,551648541,https://jhbbedding.company.site/RAF-ELECTRIC-PAN-p551648541,400,580,638,https://d2j6dbq0eux0bg.cloudfront.net/images/46321008/3587350629.jpg
kitchen > appliances,SANDWICH MAKER 7IN1,530691596,https://jhbbedding.company.site/SANDWICH-MAKER-7IN1-p530691596,700,1015,1116,https://d2j6dbq0eux0bg.cloudfront.net/images/46321008/3459581298.jpg
kitchen > appliances,SILVERCREST AIRFRYER 8L,513354365,https://jhbbedding.company.site/SILVERCREST-AIRFRYER-8L-p513354365,650,942,1036,https://d2j6dbq0eux0bg.cloudfront.net/images/46321008/3351749322.jpg
kitchen > appliances,RAF HAND MIXER,562765315,https://jhbbedding.company.site/RAF-HAND-MIXER-p562765315,250,362,398,https://d2j6dbq0eux0bg.cloudfront.net/images/46321008/3661983357.jpg
kitchen > appliances,RH PASTEL BLENDER,573542234,https://jhbbedding.company.site/RH-PASTEL-BLENDER-p573542234,380,551,606,https://d2j6dbq0eux0bg.cloudfront.net/images/46321008/4532728991.jpg
kitchen > appliances,SHABU BAKING GRILL,573600692,https://jhbbedding.company.site/SHABU-BAKING-GRILL-p573600692,800,1160,1276,https://d2j6dbq0eux0bg.cloudfront.net/images/46321008/3748668951.jpg
kitchen > appliances,PRESSURE COOKER,581148312,https://jhbbedding.company.site/PRESSURE-COOKER-p581148312,700,1015,1116,https://d2j6dbq0eux0bg.cloudfront.net/images/46321008/3812431582.jpg
kitchen > appliances,RAF SMILEY SANDWICH MAKER,583598292,https://jhbbedding.company.site/RAF-SMILEY-SANDWICH-MAKER-p583598292,250,362,398,https://d2j6dbq0eux0bg.cloudfront.net/images/46321008/3837204667.jpg
kitchen > appliances,RAF SANDWICH MAKER,583647916,https://jhbbedding.company.site/RAF-SANDWICH-MAKER-p583647916,250,362,398,https://d2j6dbq0eux0bg.cloudfront.net/images/46321008/3839820099.jpg
kitchen > appliances,RAF ELECTRIC BAKING PAN,583671037,https://jhbbedding.company.site/RAF-ELECTRIC-BAKING-PAN-p583671037,300,435,479,https://d2j6dbq0eux0bg.cloudfront.net/images/46321008/3839848596.jpg
kitchen > appliances,ARUIF PORTABLE GAS STOVE,584137755,https://jhbbedding.company.site/ARUIF-PORTABLE-GAS-STOVE-p584137755,200,290,319,https://d2j6dbq0eux0bg.cloudfront.net/images/46321008/3848011195.jpg
kitchen > appliances,ARUIF GAS STOVE,584138262,https://jhbbedding.company.site/ARUIF-GAS-STOVE-p584138262,270,392,431,https://d2j6dbq0eux0bg.cloudfront.net/images/46321008/3848046443.jpg
kitchen > appliances,STOVE KETTLE,584144552,https://jhbbedding.company.site/STOVE-KETTLE-p584144552,250,362,398,https://d2j6dbq0eux0bg.cloudfront.net/images/46321008/3897376271.jpg
kitchen > appliances,RAF FOOD PROCESSOR,592546025,https://jhbbedding.company.site/RAF-FOOD-PROCESSOR-p592546025,160,232,255,https://d2j6dbq0eux0bg.cloudfront.net/images/46321008/3897944974.jpg
kitchen > appliances,RAF ELECTRIC KETTLE 2.3L,596326006,https://jhbbedding.company.site/RAF-ELECTRIC-KETTLE-2-3L-p596326006,180,261,287,https://d2j6dbq0eux0bg.cloudfront.net/images/46321008/3926042259.jpg
kitchen > appliances,CONDERE GLASS KETTLE,598435002,https://jhbbedding.company.site/CONDERE-GLASS-KETTLE-p598435002,180,261,287,https://d2j6dbq0eux0bg.cloudfront.net/images/46321008/3938349151.jpg
kitchen > appliances,RAF DONUT MAKER,598414524,https://jhbbedding.company.site/RAF-DONUT-MAKER-p598414524,260,377,415,https://d2j6dbq0eux0bg.cloudfront.net/images/46321008/3938348463.jpg
kitchen > appliances,FOOD DEHYDRATOR,598590883,https://jhbbedding.company.site/FOOD-DEHYDRATOR-p598590883,540,783,861,https://d2j6dbq0eux0bg.cloudfront.net/images/46321008/3939112049.jpg
kitchen > appliances,RAF SLOW JUICER,598771603,https://jhbbedding.company.site/RAF-SLOW-JUICER-p598771603,880,1276,1404,https://d2j6dbq0eux0bg.cloudfront.net/images/46321008/3940445710.jpg
kitchen > appliances,RAF JUICE EXTRACTOR,598746670,https://jhbbedding.company.site/RAF-JUICE-EXTRACTOR-p598746670,490,710,781,https://d2j6dbq0eux0bg.cloudfront.net/images/46321008/3940591853.jpg
kitchen > appliances,RAF TOASTER,599721074,https://jhbbedding.company.site/RAF-TOASTER-p599721074,200,290,319,https://d2j6dbq0eux0bg.cloudfront.net/images/46321008/3950160838.jpg
kitchen > appliances,RAF WAFFLE MAKER,625194272,https://jhbbedding.company.site/RAF-WAFFLE-MAKER-p625194272,550,798,878,https://d2j6dbq0eux0bg.cloudfront.net/images/46321008/4099831271.jpg
kitchen > appliances,RAF ELECTRIC COFFEE POT,625165227,https://jhbbedding.company.site/RAF-ELECTRIC-COFFEE-POT-p625165227,140,203,223,https://d2j6dbq0eux0bg.cloudfront.net/images/46321008/4099791872.jpg
kitchen > appliances,RAF CAKE MAKER,625192616,https://jhbbedding.company.site/RAF-CAKE-MAKER-p625192616,250,362,398,https://d2j6dbq0eux0bg.cloudfront.net/images/46321008/4099896818.jpg
kitchen > appliances,RAF HAND HANGING IRON MACHINE,625192624,https://jhbbedding.company.site/RAF-HAND-HANGING-IRON-MACHINE-p625192624,300,435,479,https://d2j6dbq0eux0bg.cloudfront.net/images/46321008/4099831441.jpg
kitchen > appliances,RAF ELECTRIC KETTLE SET,625164485,https://jhbbedding.company.site/RAF-ELECTRIC-KETTLE-SET-p625164485,300,435,479,https://d2j6dbq0eux0bg.cloudfront.net/images/46321008/4099831446.jpg
kitchen > appliances,POPCORN MAKER,625194544,https://jhbbedding.company.site/POPCORN-MAKER-p625194544,180,261,287,https://d2j6dbq0eux0bg.cloudfront.net/images/46321008/4099831466.jpg
kitchen > appliances,RAF GLASS BLENDER 2IN1,631698091,https://jhbbedding.company.site/RAF-GLASS-BLENDER-2IN1-p631698091,380,551,606,https://d2j6dbq0eux0bg.cloudfront.net/images/46321008/4139434697.jpg
kitchen > appliances,SILVERCREST BLENDER PASTEL,632322725,https://jhbbedding.company.site/SILVERCREST-BLENDER-PASTEL-p632322725,270,392,431,https://d2j6dbq0eux0bg.cloudfront.net/images/46321008/4145027237.jpg
kitchen > appliances,CONDERE DEEP FRYER SINGLE,660833031,https://jhbbedding.company.site/CONDERE-DEEP-FRYER-SINGLE-p660833031,500,725,798,https://d2j6dbq0eux0bg.cloudfront.net/images/46321008/4342915661.jpg
kitchen > appliances,HOT PLATE OVEN,660833034,https://jhbbedding.company.site/HOT-PLATE-OVEN-p660833034,550,798,878,https://d2j6dbq0eux0bg.cloudfront.net/images/46321008/4342924985.jpg
kitchen > appliances,RAF CORN DOG MAKER,660824899,https://jhbbedding.company.site/RAF-CORN-DOG-MAKER-p660824899,240,348,383,https://d2j6dbq0eux0bg.cloudfront.net/images/46321008/4342975160.jpg
kitchen > appliances,RAF HAND MIXER SILVER,691062034,https://jhbbedding.company.site/RAF-HAND-MIXER-SILVER-p691062034,220,319,351,https://d2j6dbq0eux0bg.cloudfront.net/images/46321008/4506791449.jpg
kitchen > appliances,DEEP FRYER 2L,691038605,https://jhbbedding.company.site/DEEP-FRYER-2L-p691038605,380,551,606,https://d2j6dbq0eux0bg.cloudfront.net/images/46321008/4506795155.jpg
kitchen > appliances,RAF COFFEE MACHINE,691062036,https://jhbbedding.company.site/RAF-COFFEE-MACHINE-p691062036,220,319,351,https://d2j6dbq0eux0bg.cloudfront.net/images/46321008/4506798414.jpg
kitchen > appliances,RAF DOUBLE KETTLE SET,691032964,https://jhbbedding.company.site/RAF-DOUBLE-KETTLE-SET-p691032964,320,464,510,https://d2j6dbq0eux0bg.cloudfront.net/images/46321008/4506808829.jpg
kitchen > appliances,RAF SAUSAGE ROLL MAKER,702006259,https://jhbbedding.company.site/RAF-SAUSAGE-ROLL-MAKER-p702006259,300,435,479,https://d2j6dbq0eux0bg.cloudfront.net/images/46321008/4587635123.jpg
kitchen > appliances,RAF 3IN1 SANDWICH MAKER,666519729,https://jhbbedding.company.site/RAF-3IN1-SANDWICH-MAKER-p666519729,370,536,590,https://d2j6dbq0eux0bg.cloudfront.net/images/46321008/4357527518.jpg
kitchen > appliances,RAF FAN HEATER,655936009,https://jhbbedding.company.site/RAF-FAN-HEATER-p655936009,220,319,351,https://d2j6dbq0eux0bg.cloudfront.net/images/46321008/4320755025.jpg
kitchen > appliances,RAF GARMENT STEAMER,562776012,https://jhbbedding.company.site/RAF-GARMENT-STEAMER-p562776012,650,942,1036,https://d2j6dbq0eux0bg.cloudfront.net/images/46321008/3662094260.jpg
kitchen > appliances,RAF GLASS KETTLE,599730263,https://jhbbedding.company.site/RAF-GLASS-KETTLE-p599730263,195,283,311,https://d2j6dbq0eux0bg.cloudfront.net/images/46321008/3950160788.jpg
kitchen > appliances,RAF METALLIC KETTLE,599722036,https://jhbbedding.company.site/RAF-METALLIC-KETTLE-p599722036,220,319,351,https://d2j6dbq0eux0bg.cloudfront.net/images/46321008/3950099457.jpg
kitchen > appliances,RAF 14L AIRFRYER,688519202,https://jhbbedding.company.site/RAF-14L-AIRFRYER-p688519202,850,1232,1355,https://d2j6dbq0eux0bg.cloudfront.net/images/46321008/4486325732.jpg
kitchen > appliances,SCARLETT HAND MIXER,491573974,https://jhbbedding.company.site/SCARLETT-HAND-MIXER-p491573974,100,145,160,https://d2j6dbq0eux0bg.cloudfront.net/images/46321008/3219505739.jpg
kitchen > appliances,SCARLETT MIXER,512563269,https://jhbbedding.company.site/SCARLETT-MIXER-p512563269,250,362,398,https://d2j6dbq0eux0bg.cloudfront.net/images/46321008/3344498299.jpg
kitchen > appliances,RAF SANDWICH MAKER,701977177,https://jhbbedding.company.site/RAF-SANDWICH-MAKER-p701977177,200,290,319,https://d2j6dbq0eux0bg.cloudfront.net/images/46321008/4587635138.jpg
kitchen > appliances,RAF COFFEE MAKER,701977179,https://jhbbedding.company.site/RAF-COFFEE-MAKER-p701977179,320,464,510,https://d2j6dbq0eux0bg.cloudfront.net/images/46321008/4587635143.jpg
kitchen > appliances,CONDERE GLASS BLENDER,704632188,https://jhbbedding.company.site/CONDERE-GLASS-BLENDER-p704632188,330,478,526,https://d2j6dbq0eux0bg.cloudfront.net/images/46321008/4605262165.jpg
kitchen > appliances,DIGIMARK GLASS KETTLE 2L,694581088,https://jhbbedding.company.site/DIGIMARK-GLASS-KETTLE-2L-p694581088,180,261,287,https://d2j6dbq0eux0bg.cloudfront.net/images/46321008/4532727103.jpg
other > kitchen,RAF FOOD PROCESSOR,592546025,https://jhbbedding.company.site/RAF-FOOD-PROCESSOR-p592546025,160,232,255,https://d2j6dbq0eux0bg.cloudfront.net/images/46321008/3897944974.jpg
other > kitchen,RAF ELECTRIC PAN,551648541,https://jhbbedding.company.site/RAF-ELECTRIC-PAN-p551648541,400,580,638,https://d2j6dbq0eux0bg.cloudfront.net/images/46321008/3587350629.jpg
other > kitchen,RAF ELECTRIC BAKING PAN,583671037,https://jhbbedding.company.site/RAF-ELECTRIC-BAKING-PAN-p583671037,300,435,479,https://d2j6dbq0eux0bg.cloudfront.net/images/46321008/3839848596.jpg
other > kitchen,RAF HAND MIXER,562765315,https://jhbbedding.company.site/RAF-HAND-MIXER-p562765315,250,362,398,https://d2j6dbq0eux0bg.cloudfront.net/images/46321008/3661983357.jpg
other > kitchen,RAF SANDWICH MAKER,583647916,https://jhbbedding.company.site/RAF-SANDWICH-MAKER-p583647916,250,362,398,https://d2j6dbq0eux0bg.cloudfront.net/images/46321008/3839820099.jpg
other > kitchen,RAF SMILEY SANDWICH MAKER,583598292,https://jhbbedding.company.site/RAF-SMILEY-SANDWICH-MAKER-p583598292,250,362,398,https://d2j6dbq0eux0bg.cloudfront.net/images/46321008/3837204667.jpg
other > kitchen,CREPE PAN 4 HOLE,573575745,https://jhbbedding.company.site/CREPE-PAN-4-HOLE-p573575745,140,203,223,https://d2j6dbq0eux0bg.cloudfront.net/images/46321008/3748651136.jpg
other > kitchen,ARUIF PORTABLE GAS STOVE,584137755,https://jhbbedding.company.site/ARUIF-PORTABLE-GAS-STOVE-p584137755,200,290,319,https://d2j6dbq0eux0bg.cloudfront.net/images/46321008/3848011195.jpg
other > kitchen,BAMBOO BREADBIN SET- CREAM GOLD,316439327,https://jhbbedding.company.site/BAMBOO-BREADBIN-SET-CREAM-GOLD-p316439327,350,508,559,https://d2j6dbq0eux0bg.cloudfront.net/images/46321008/2116923617.jpg
other > kitchen,BBQ SHABU GRILL,557549114,https://jhbbedding.company.site/BBQ-SHABU-GRILL-p557549114,400,580,638,https://d2j6dbq0eux0bg.cloudfront.net/images/46321008/3623891094.jpg
other > kitchen,BISCUIT MAKER,382587935,https://jhbbedding.company.site/BISCUIT-MAKER-p382587935,100,145,160,https://d2j6dbq0eux0bg.cloudfront.net/images/46321008/2462587357.jpg
other > kitchen,BUTCHER KNIFE SET 16 PIECE,558888027,https://jhbbedding.company.site/BUTCHER-KNIFE-SET-16-PIECE-p558888027,430,624,686,https://d2j6dbq0eux0bg.cloudfront.net/images/46321008/3634038522.jpg
other > kitchen,CHEESE UTENSIL SET,464437356,https://jhbbedding.company.site/CHEESE-UTENSIL-SET-p464437356,50,72,79,https://d2j6dbq0eux0bg.cloudfront.net/images/46321008/3065997663.jpg
other > kitchen,COPPER CRISP SERVER,405541519,https://jhbbedding.company.site/COPPER-CRISP-SERVER-p405541519,170,246,271,https://d2j6dbq0eux0bg.cloudfront.net/images/46321008/2643027997.jpg
other > kitchen,CREPE PAN 7 HOLE,573691040,https://jhbbedding.company.site/CREPE-PAN-7-HOLE-p573691040,190,276,304,https://d2j6dbq0eux0bg.cloudfront.net/images/46321008/3748676742.jpg
other > kitchen,CURVED TEASPOONS,381594338,https://jhbbedding.company.site/CURVED-TEASPOONS-p381594338,100,145,160,https://d2j6dbq0eux0bg.cloudfront.net/images/46321008/2454507836.jpg
other > kitchen,ELECTRIC WINE SET,491823269,https://jhbbedding.company.site/ELECTRIC-WINE-SET-p491823269,160,232,255,https://d2j6dbq0eux0bg.cloudfront.net/images/46321008/3221021828.jpg
other > kitchen,ELECTRIC LUNCH BOX,382888406,https://jhbbedding.company.site/ELECTRIC-LUNCH-BOX-p382888406,150,218,240,https://d2j6dbq0eux0bg.cloudfront.net/images/46321008/2465291108.jpg
other > kitchen,EGG CUTLERY,592471094,https://jhbbedding.company.site/EGG-CUTLERY-p592471094,350,508,559,https://d2j6dbq0eux0bg.cloudfront.net/images/46321008/3897323683.jpg
other > kitchen,FRUIT RACK 3TIER,573707505,https://jhbbedding.company.site/FRUIT-RACK-3TIER-p573707505,200,290,319,https://d2j6dbq0eux0bg.cloudfront.net/images/46321008/3748838511.jpg
other > kitchen,FRUIT RACK 2TIER,566224756,https://jhbbedding.company.site/FRUIT-RACK-2TIER-p566224756,170,246,271,https://d2j6dbq0eux0bg.cloudfront.net/images/46321008/3698022768.jpg
other > kitchen,GRILLING PAN 5IN1,491822560,https://jhbbedding.company.site/GRILLING-PAN-5IN1-p491822560,350,508,559,https://d2j6dbq0eux0bg.cloudfront.net/images/46321008/3221012116.jpg
other > kitchen,HAEGAR COFFEE MAKER,512563518,https://jhbbedding.company.site/HAEGAR-COFFEE-MAKER-p512563518,400,580,638,https://d2j6dbq0eux0bg.cloudfront.net/images/46321008/3344499038.jpg
other > kitchen,HAEGAR ELECTRIC KETTLE,507367207,https://jhbbedding.company.site/HAEGAR-ELECTRIC-KETTLE-p507367207,100,145,160,https://d2j6dbq0eux0bg.cloudfront.net/images/46321008/3309444651.jpg
other > kitchen,ICE CRUSHER,573554955,https://jhbbedding.company.site/ICE-CRUSHER-p573554955,100,145,160,https://d2j6dbq0eux0bg.cloudfront.net/images/46321008/3747758599.jpg
other > kitchen,HAUS ROLLAND KITCHEN SET,592479751,https://jhbbedding.company.site/HAUS-ROLLAND-KITCHEN-SET-p592479751,450,652,717,https://d2j6dbq0eux0bg.cloudfront.net/images/46321008/3897351439.jpg
other > kitchen,HEART CREPE PAN,528624877,https://jhbbedding.company.site/HEART-CREPE-PAN-p528624877,140,203,223,https://d2j6dbq0eux0bg.cloudfront.net/images/46321008/3447108659.jpg
other > kitchen,Heating lunch box,560838446,https://jhbbedding.company.site/Heating-lunch-box-p560838446,360,522,574,https://d2j6dbq0eux0bg.cloudfront.net/images/46321008/3647708612.jpg
other > kitchen,CONVECTION OVEN,512547193,https://jhbbedding.company.site/CONVECTION-OVEN-p512547193,800,1160,1276,https://d2j6dbq0eux0bg.cloudfront.net/images/46321008/3344422748.jpg
other > kitchen,MARBLE CANISTER SET,381588366,https://jhbbedding.company.site/MARBLE-CANISTER-SET-p381588366,350,508,559,https://d2j6dbq0eux0bg.cloudfront.net/images/46321008/2454504552.jpg
other > kitchen,OIL SPRAY BOTTLE,600663203,https://jhbbedding.company.site/OIL-SPRAY-BOTTLE-p600663203,30,44,48,https://d2j6dbq0eux0bg.cloudfront.net/images/46321008/3952350100.jpg
other > kitchen,FERRIS WHEEL SPICE RACK,629506078,https://jhbbedding.company.site/FERRIS-WHEEL-SPICE-RACK-p629506078,210,304,334,https://d2j6dbq0eux0bg.cloudfront.net/images/46321008/4125132328.jpg
other > kitchen,POPSICLE MAKER,629749504,https://jhbbedding.company.site/POPSICLE-MAKER-p629749504,90,130,143,https://d2j6dbq0eux0bg.cloudfront.net/images/46321008/4127083804.jpg
other > kitchen,BAG CLIPS,660824654,https://jhbbedding.company.site/BAG-CLIPS-p660824654,65,94,103,https://d2j6dbq0eux0bg.cloudfront.net/images/46321008/4342993539.jpg
kitchen > kettles,HAEGAR ELECTRIC KETTLE,507367207,https://jhbbedding.company.site/HAEGAR-ELECTRIC-KETTLE-p507367207,100,145,160,https://d2j6dbq0eux0bg.cloudfront.net/images/46321008/3309444651.jpg
kitchen > kettles,RAF ELECTRIC KETTLE 2.3L,596326006,https://jhbbedding.company.site/RAF-ELECTRIC-KETTLE-2-3L-p596326006,180,261,287,https://d2j6dbq0eux0bg.cloudfront.net/images/46321008/3926042259.jpg
kitchen > kettles,STOVE KETTLE,584144552,https://jhbbedding.company.site/STOVE-KETTLE-p584144552,250,362,398,https://d2j6dbq0eux0bg.cloudfront.net/images/46321008/3897376271.jpg
kitchen > kettles,CONDERE GLASS KETTLE,598435002,https://jhbbedding.company.site/CONDERE-GLASS-KETTLE-p598435002,180,261,287,https://d2j6dbq0eux0bg.cloudfront.net/images/46321008/3938349151.jpg
kitchen > kettles,RAF METALLIC KETTLE,599722036,https://jhbbedding.company.site/RAF-METALLIC-KETTLE-p599722036,220,319,351,https://d2j6dbq0eux0bg.cloudfront.net/images/46321008/3950099457.jpg
kitchen > kettles,RAF GLASS KETTLE,599730263,https://jhbbedding.company.site/RAF-GLASS-KETTLE-p599730263,195,283,311,https://d2j6dbq0eux0bg.cloudfront.net/images/46321008/3950160788.jpg
kitchen > kettles,RAF ELECTRIC KETTLE SET,625164485,https://jhbbedding.company.site/RAF-ELECTRIC-KETTLE-SET-p625164485,300,435,479,https://d2j6dbq0eux0bg.cloudfront.net/images/46321008/4099831446.jpg
kitchen > kettles,COLOUR STOVE KETTLE 3L,660833010,https://jhbbedding.company.site/COLOUR-STOVE-KETTLE-3L-p660833010,130,188,207,https://d2j6dbq0eux0bg.cloudfront.net/images/46321008/4342905420.jpg
kitchen > kettles,ITEL ELECTRIC KETTLE,660824361,https://jhbbedding.company.site/ITEL-ELECTRIC-KETTLE-p660824361,110,160,176,https://d2j6dbq0eux0bg.cloudfront.net/images/46321008/4342913790.jpg
kitchen > kettles,ALUMINUM STOVE KETTLE 7.5L,688837574,https://jhbbedding.company.site/ALUMINUM-STOVE-KETTLE-7-5L-p688837574,190,276,304,https://d2j6dbq0eux0bg.cloudfront.net/images/46321008/4488347369.jpg
kitchen > kettles,RAF DOUBLE KETTLE SET,691032964,https://jhbbedding.company.site/RAF-DOUBLE-KETTLE-SET-p691032964,320,464,510,https://d2j6dbq0eux0bg.cloudfront.net/images/46321008/4506808829.jpg
kitchen > kettles,DIGIMARK GLASS KETTLE 2L,694581088,https://jhbbedding.company.site/DIGIMARK-GLASS-KETTLE-2L-p694581088,180,261,287,https://d2j6dbq0eux0bg.cloudfront.net/images/46321008/4532727103.jpg
kitchen > dinnerware,DANNY HOME DINNERWARE,529162027,https://jhbbedding.company.site/DANNY-HOME-DINNERWARE-p529162027,650,942,1036,https://d2j6dbq0eux0bg.cloudfront.net/images/46321008/3450807078.jpg
kitchen > dinnerware,RED DINNER SET 12P,598311737,https://jhbbedding.company.site/RED-DINNER-SET-12P-p598311737,200,290,319,https://d2j6dbq0eux0bg.cloudfront.net/images/46321008/3938352597.jpg
kitchen > dinnerware,WHITE SQUARE DINNER SET,289121470,https://jhbbedding.company.site/WHITE-SQUARE-DINNER-SET-p289121470,450,652,717,https://d2j6dbq0eux0bg.cloudfront.net/images/46321008/1955477529.jpg
kitchen > dinnerware,DH GOLD WAVE DINNER SET 18P,602047211,https://jhbbedding.company.site/DH-GOLD-WAVE-DINNER-SET-18P-p602047211,900,1305,1436,https://d2j6dbq0eux0bg.cloudfront.net/images/46321008/3960285666.png
kitchen > dinnerware,BLACK MATTE DINNER SET 16P,621439726,https://jhbbedding.company.site/BLACK-MATTE-DINNER-SET-16P-p621439726,300,435,479,https://d2j6dbq0eux0bg.cloudfront.net/images/46321008/4073818022.jpg
kitchen > dinnerware,STONEWARE DINNERWARE- WHITE BLACK,678137823,https://jhbbedding.company.site/STONEWARE-DINNERWARE-WHITE-BLACK-p678137823,250,362,398,https://d2j6dbq0eux0bg.cloudfront.net/images/46321008/4418203372.jpg
kitchen > dinnerware,STONEWARE DINNERWARE- GREY,678139288,https://jhbbedding.company.site/STONEWARE-DINNERWARE-GREY-p678139288,250,362,398,https://d2j6dbq0eux0bg.cloudfront.net/images/46321008/4418203452.jpg
kitchen > dinnerware,CERAMIC GLAZED BOWL AND PLATE SET,688836820,https://jhbbedding.company.site/CERAMIC-GLAZED-BOWL-AND-PLATE-SET-p688836820,400,580,638,https://d2j6dbq0eux0bg.cloudfront.net/images/46321008/4488347409.jpg
other > breadbin,BAMBOO BREADBIN SET- CREAM GOLD,316439327,https://jhbbedding.company.site/BAMBOO-BREADBIN-SET-CREAM-GOLD-p316439327,350,508,559,https://d2j6dbq0eux0bg.cloudfront.net/images/46321008/2116923617.jpg
other > breadbin,RETRO BREADBIN SET TH,573624886,https://jhbbedding.company.site/RETRO-BREADBIN-SET-TH-p573624886,400,580,638,https://d2j6dbq0eux0bg.cloudfront.net/images/46321008/3748755144.jpg
other > breadbin,SMEG BREADBIN SET,289874115,https://jhbbedding.company.site/SMEG-BREADBIN-SET-p289874115,500,725,798,https://d2j6dbq0eux0bg.cloudfront.net/images/46321008/1963687151.jpg
other > breadbin,CH RETRO BREADBIN SET- WHITE,611351399,https://jhbbedding.company.site/CH-RETRO-BREADBIN-SET-WHITE-p611351399,350,508,559,https://d2j6dbq0eux0bg.cloudfront.net/images/46321008/4193879505.jpg
other > breadbin,CH RETRO BREADBIN SET- BLACK,611355612,https://jhbbedding.company.site/CH-RETRO-BREADBIN-SET-BLACK-p611355612,350,508,559,https://d2j6dbq0eux0bg.cloudfront.net/images/46321008/4007404425.jpg
other > breadbin,CH RETRO BREADBIN SET- CREAM,611330944,https://jhbbedding.company.site/CH-RETRO-BREADBIN-SET-CREAM-p611330944,350,508,559,https://d2j6dbq0eux0bg.cloudfront.net/images/46321008/4007376695.jpg
other > breadbin,CH RETRO BREADBIN SET- GREY,611343444,https://jhbbedding.company.site/CH-RETRO-BREADBIN-SET-GREY-p611343444,350,508,559,https://d2j6dbq0eux0bg.cloudfront.net/images/46321008/4007376675.jpg
other > breadbin,HAUS ROLLAND BREADTIN- WHITE,611342167,https://jhbbedding.company.site/HAUS-ROLLAND-BREADTIN-WHITE-p611342167,400,580,638,https://d2j6dbq0eux0bg.cloudfront.net/images/46321008/4007433858.jpg
other > breadbin,HAUS ROLLAND BREADTIN- BLACK,611340453,https://jhbbedding.company.site/HAUS-ROLLAND-BREADTIN-BLACK-p611340453,400,580,638,https://d2j6dbq0eux0bg.cloudfront.net/images/46321008/4007468517.jpg
other > breadbin,HAUS ROLLAND BREAD BOX- GREEN,611342174,https://jhbbedding.company.site/HAUS-ROLLAND-BREAD-BOX-GREEN-p611342174,400,580,638,https://d2j6dbq0eux0bg.cloudfront.net/images/46321008/4007476254.jpg
other > breadbin,HAUS ROLLAND BREAD BOX- BLACK,611379251,https://jhbbedding.company.site/HAUS-ROLLAND-BREAD-BOX-BLACK-p611379251,400,580,638,https://d2j6dbq0eux0bg.cloudfront.net/images/46321008/4007463180.jpg
other > breadbin,HAUS ROLLAND BREAD BOX- WHITE,611348137,https://jhbbedding.company.site/HAUS-ROLLAND-BREAD-BOX-WHITE-p611348137,400,580,638,https://d2j6dbq0eux0bg.cloudfront.net/images/46321008/4007466626.jpg
other > breadbin,CH RETRO BREADBIN SET- RED,639247429,https://jhbbedding.company.site/CH-RETRO-BREADBIN-SET-RED-p639247429,350,508,559,https://d2j6dbq0eux0bg.cloudfront.net/images/46321008/4193865209.jpg
other > breadbin,CH RETRO BREADBIN SET- BLUE,639284527,https://jhbbedding.company.site/CH-RETRO-BREADBIN-SET-BLUE-p639284527,350,508,559,https://d2j6dbq0eux0bg.cloudfront.net/images/46321008/4193865454.jpg
other > breadbin,AD BREADBIN SET- BLUE,639339549,https://jhbbedding.company.site/AD-BREADBIN-SET-BLUE-p639339549,550,798,878,https://d2j6dbq0eux0bg.cloudfront.net/images/46321008/4194077174.jpg
other > breadbin,AD BREADBIN SET- BLACK,639340281,https://jhbbedding.company.site/AD-BREADBIN-SET-BLACK-p639340281,550,798,878,https://d2j6dbq0eux0bg.cloudfront.net/images/46321008/4194095049.jpg
other > breadbin,AD BREADBIN SET- WHITE,639339550,https://jhbbedding.company.site/AD-BREADBIN-SET-WHITE-p639339550,550,798,878,https://d2j6dbq0eux0bg.cloudfront.net/images/46321008/4194077184.jpg
other > breadbin,MODERN RETRO BREAD TIN SET- BLACK,646786792,https://jhbbedding.company.site/MODERN-RETRO-BREAD-TIN-SET-BLACK-p646786792,450,652,717,https://d2j6dbq0eux0bg.cloudfront.net/images/46321008/4237202178.jpg
other > breadbin,MODERN RETRO BREAD TIN SET- GREY,646786793,https://jhbbedding.company.site/MODERN-RETRO-BREAD-TIN-SET-GREY-p646786793,450,652,717,https://d2j6dbq0eux0bg.cloudfront.net/images/46321008/4237215889.jpg
other > breadbin,MODERN RETRO BREAD TIN SET- RED,646791282,https://jhbbedding.company.site/MODERN-RETRO-BREAD-TIN-SET-RED-p646791282,450,652,717,https://d2j6dbq0eux0bg.cloudfront.net/images/46321008/4237259271.jpg
other > breadbin,MODERN RETRO BREAD TIN SET- CREAM,646786794,https://jhbbedding.company.site/MODERN-RETRO-BREAD-TIN-SET-CREAM-p646786794,450,652,717,https://d2j6dbq0eux0bg.cloudfront.net/images/46321008/4237196903.jpg
other > breadbin,MONZA BREAD TIN SET- WHITE,646791284,https://jhbbedding.company.site/MONZA-BREAD-TIN-SET-WHITE-p646791284,450,652,717,https://d2j6dbq0eux0bg.cloudfront.net/images/46321008/4237215904.jpg
other > breadbin,MONZA BREAD TIN SET- GREY,646791285,https://jhbbedding.company.site/MONZA-BREAD-TIN-SET-GREY-p646791285,450,652,717,https://d2j6dbq0eux0bg.cloudfront.net/images/46321008/4237196923.jpg
other > breadbin,MONZA BREAD TIN SET- BLACK,646772382,https://jhbbedding.company.site/MONZA-BREAD-TIN-SET-BLACK-p646772382,450,652,717,https://d2j6dbq0eux0bg.cloudfront.net/images/46321008/4237202203.jpg
other > breadbin,MONZA BREAD TIN SET- GREEN,646786796,https://jhbbedding.company.site/MONZA-BREAD-TIN-SET-GREEN-p646786796,450,652,717,https://d2j6dbq0eux0bg.cloudfront.net/images/46321008/4237196928.jpg
kitchen > drinkware,SLUSHY FROZEN MAGIC CUP,629500087,https://jhbbedding.company.site/SLUSHY-FROZEN-MAGIC-CUP-p629500087,120,174,191,https://d2j6dbq0eux0bg.cloudfront.net/images/46321008/4125043425.jpg
kitchen > drinkware,MOTIVATIONAL WATERBOTTLE SET,604888395,https://jhbbedding.company.site/MOTIVATIONAL-WATERBOTTLE-SET-p604888395,90,130,143,https://d2j6dbq0eux0bg.cloudfront.net/images/46321008/3976734832.jpg
kitchen > drinkware,MOTIVATIONAL BOTTLES 3P BULK,600663201,https://jhbbedding.company.site/MOTIVATIONAL-BOTTLES-3P-BULK-p600663201,700,1015,1116,https://d2j6dbq0eux0bg.cloudfront.net/images/46321008/3952350040.jpg
kitchen > drinkware,COLOUR GRADIENT BAMBOO GLASS SET,625161950,https://jhbbedding.company.site/COLOUR-GRADIENT-BAMBOO-GLASS-SET-p625161950,250,362,398,https://d2j6dbq0eux0bg.cloudfront.net/images/46321008/4099791977.jpg
kitchen > drinkware,GLASS TEA CUP SET GOLD,491827261,https://jhbbedding.company.site/GLASS-TEA-CUP-SET-GOLD-p491827261,210,304,334,https://d2j6dbq0eux0bg.cloudfront.net/images/46321008/3221012121.jpg
kitchen > drinkware,MAROON METALLIC WINE GLASSES,381031695,https://jhbbedding.company.site/MAROON-METALLIC-WINE-GLASSES-p381031695,250,362,398,https://d2j6dbq0eux0bg.cloudfront.net/images/46321008/2449013592.jpg
kitchen > drinkware,SLANTED WINE GLASSES- CHARCOAL,600704364,https://jhbbedding.company.site/SLANTED-WINE-GLASSES-CHARCOAL-p600704364,400,580,638,https://d2j6dbq0eux0bg.cloudfront.net/images/46321008/3952412661.jpg
kitchen > drinkware,SLANTED WINE GLASSES- CLEAR,600737072,https://jhbbedding.company.site/SLANTED-WINE-GLASSES-CLEAR-p600737072,430,624,686,https://d2j6dbq0eux0bg.cloudfront.net/images/46321008/3952418872.jpg
kitchen > drinkware,SLANTED WINE GLASSES- PEARL RAINBOW,600633230,https://jhbbedding.company.site/SLANTED-WINE-GLASSES-PEARL-RAINBOW-p600633230,495,718,790,https://d2j6dbq0eux0bg.cloudfront.net/images/46321008/3952411490.jpg
kitchen > drinkware,SLANTED WINE GLASSES- ROSE GOLD,600704360,https://jhbbedding.company.site/SLANTED-WINE-GLASSES-ROSE-GOLD-p600704360,410,594,653,https://d2j6dbq0eux0bg.cloudfront.net/images/46321008/3952408928.jpg
kitchen > drinkware,TURKISH GLASS MUGS,512522164,https://jhbbedding.company.site/TURKISH-GLASS-MUGS-p512522164,100,145,160,https://d2j6dbq0eux0bg.cloudfront.net/images/46321008/3344116223.jpg
kitchen > drinkware,FLORAL TEA CUP SET,629460740,https://jhbbedding.company.site/FLORAL-TEA-CUP-SET-p629460740,380,551,606,https://d2j6dbq0eux0bg.cloudfront.net/images/46321008/4125207526.jpg
kitchen > drinkware,LATTE GLASSES,632775794,https://jhbbedding.company.site/LATTE-GLASSES-p632775794,130,188,207,https://d2j6dbq0eux0bg.cloudfront.net/images/46321008/4147256225.jpg
kitchen > drinkware,TEXTURED PLASTIC COCKTAIL CUP SET,632775795,https://jhbbedding.company.site/TEXTURED-PLASTIC-COCKTAIL-CUP-SET-p632775795,100,145,160,https://d2j6dbq0eux0bg.cloudfront.net/images/46321008/4147305837.jpg
kitchen > drinkware,VACUUM FLASK SET,573600703,https://jhbbedding.company.site/VACUUM-FLASK-SET-p573600703,100,145,160,https://d2j6dbq0eux0bg.cloudfront.net/images/46321008/3748663966.jpg
kitchen > drinkware,GLASS CUP AND SAUCER SET,632730192,https://jhbbedding.company.site/GLASS-CUP-AND-SAUCER-SET-p632730192,50,72,79,https://d2j6dbq0eux0bg.cloudfront.net/images/46321008/4147301585.jpg
kitchen > drinkware,GOLD TEA POT,389920566,https://jhbbedding.company.site/GOLD-TEA-POT-p389920566,190,276,304,https://d2j6dbq0eux0bg.cloudfront.net/images/46321008/2522094115.jpg
kitchen > drinkware,MARBLE TEA CUP SET,405517273,https://jhbbedding.company.site/MARBLE-TEA-CUP-SET-p405517273,170,246,271,https://d2j6dbq0eux0bg.cloudfront.net/images/46321008/2643068671.jpg
kitchen > drinkware,MARBLE TEA SET - WHITE,303532387,https://jhbbedding.company.site/MARBLE-TEA-SET-WHITE-p303532387,450,652,717,https://d2j6dbq0eux0bg.cloudfront.net/images/46321008/2048269716.jpg
kitchen > drinkware,RINA TEA CUP SET,386912595,https://jhbbedding.company.site/RINA-TEA-CUP-SET-p386912595,200,290,319,https://d2j6dbq0eux0bg.cloudfront.net/images/46321008/2495555044.jpg
kitchen > drinkware,CHAMPAYNE PICNIC SET,632730202,https://jhbbedding.company.site/CHAMPAYNE-PICNIC-SET-p632730202,100,145,160,https://d2j6dbq0eux0bg.cloudfront.net/images/46321008/4147301640.jpg
kitchen > drinkware,SQUARE GLASS BAMBOO CUP SET,632702449,https://jhbbedding.company.site/SQUARE-GLASS-BAMBOO-CUP-SET-p632702449,180,261,287,https://d2j6dbq0eux0bg.cloudfront.net/images/46321008/4521594015.jpg
kitchen > drinkware,IRISH MUGS,633507135,https://jhbbedding.company.site/IRISH-MUGS-p633507135,130,188,207,https://d2j6dbq0eux0bg.cloudfront.net/images/46321008/4151896425.jpg
kitchen > drinkware,CRYSTAL DRINKWARE SET,704435006,https://jhbbedding.company.site/CRYSTAL-DRINKWARE-SET-p704435006,330,478,526,https://d2j6dbq0eux0bg.cloudfront.net/images/46321008/4603843298.jpg
kitchen > drinkware,KIDS FLASK SET,705199476,https://jhbbedding.company.site/KIDS-FLASK-SET-p705199476,130,188,207,https://d2j6dbq0eux0bg.cloudfront.net/images/46321008/4609042471.png
kitchen > drinkware,GOLD CHAMPAYNE GLASSES,651568781,https://jhbbedding.company.site/GOLD-CHAMPAYNE-GLASSES-p651568781,250,362,398,https://d2j6dbq0eux0bg.cloudfront.net/images/46321008/4288515800.jpg
kitchen > drinkware,GOLD WINE GLASSES,651579268,https://jhbbedding.company.site/GOLD-WINE-GLASSES-p651579268,200,290,319,https://d2j6dbq0eux0bg.cloudfront.net/images/46321008/4288526254.png
kitchen > drinkware,METALLIC WINE GLASSES GOLD,651538718,https://jhbbedding.company.site/METALLIC-WINE-GLASSES-GOLD-p651538718,350,508,559,https://d2j6dbq0eux0bg.cloudfront.net/images/46321008/4288478998.jpg
kitchen > drinkware,METALLIC WINE GLASSES ROSE GOLD,651538721,https://jhbbedding.company.site/METALLIC-WINE-GLASSES-ROSE-GOLD-p651538721,350,508,559,https://d2j6dbq0eux0bg.cloudfront.net/images/46321008/4288515830.jpg
kitchen > drinkware,METALLIC WINE GLASSES SILVER,651579269,https://jhbbedding.company.site/METALLIC-WINE-GLASSES-SILVER-p651579269,350,508,559,https://d2j6dbq0eux0bg.cloudfront.net/images/46321008/4288522276.jpg
kitchen > drinkware,MILKSHAKE GLASSES,633505425,https://jhbbedding.company.site/MILKSHAKE-GLASSES-p633505425,140,203,223,https://d2j6dbq0eux0bg.cloudfront.net/images/46321008/4151863689.jpg
kitchen > drinkware,PEARL CHAMPAYNE GLASSES,651519247,https://jhbbedding.company.site/PEARL-CHAMPAYNE-GLASSES-p651519247,250,362,398,https://d2j6dbq0eux0bg.cloudfront.net/images/46321008/4288478948.jpg
kitchen > drinkware,PEARL WINE GLASSES,651538176,https://jhbbedding.company.site/PEARL-WINE-GLASSES-p651538176,250,362,398,https://d2j6dbq0eux0bg.cloudfront.net/images/46321008/4288511049.jpg
kitchen > drinkware,WAVE CUP/SAUCER SET,405519267,https://jhbbedding.company.site/WAVE-CUP-SAUCER-SET-p405519267,300,435,479,https://d2j6dbq0eux0bg.cloudfront.net/images/46321008/2643089276.jpg
kitchen > drinkware,INSULATED FLASK 3IN1,705200996,https://jhbbedding.company.site/INSULATED-FLASK-3IN1-p705200996,120,174,191,https://d2j6dbq0eux0bg.cloudfront.net/images/46321008/4609075127.jpg
